Clements2024_Order,Clements2024_Family,Clements2024_Common_name,Clements2024_Binomial,Clements2024_Genus,HBWv8.1_Binomial
Anseriformes,"Anatidae (Ducks, Geese, and Waterfowl)",Steller's Eider,Polysticta stelleri,Polysticta,Polysticta_stelleri
Anseriformes,"Anatidae (Ducks, Geese, and Waterfowl)",Spectacled Eider,Somateria fischeri,Somateria,Somateria_fischeri
Anseriformes,"Anatidae (Ducks, Geese, and Waterfowl)",King Eider,Somateria spectabilis,Somateria,Somateria_spectabilis
Anseriformes,"Anatidae (Ducks, Geese, and Waterfowl)",Common Eider,Somateria mollissima,Somateria,Somateria_mollissima
Anseriformes,"Anatidae (Ducks, Geese, and Waterfowl)",Harlequin Duck,Histrionicus histrionicus,Histrionicus,Histrionicus_histrionicus
Anseriformes,"Anatidae (Ducks, Geese, and Waterfowl)",Surf Scoter,Melanitta perspicillata,Melanitta,Melanitta_perspicillata
Anseriformes,"Anatidae (Ducks, Geese, and Waterfowl)",Velvet Scoter,Melanitta fusca,Melanitta,Melanitta_fusca
Anseriformes,"Anatidae (Ducks, Geese, and Waterfowl)",White-winged Scoter,Melanitta deglandi,Melanitta,Melanitta_deglandi
Anseriformes,"Anatidae (Ducks, Geese, and Waterfowl)",Stejneger's Scoter,Melanitta stejnegeri,Melanitta,Melanitta_stejnegeri
Anseriformes,"Anatidae (Ducks, Geese, and Waterfowl)",Common Scoter,Melanitta nigra,Melanitta,Melanitta_nigra
Anseriformes,"Anatidae (Ducks, Geese, and Waterfowl)",Black Scoter,Melanitta americana,Melanitta,Melanitta_americana
Anseriformes,"Anatidae (Ducks, Geese, and Waterfowl)",Long-tailed Duck,Clangula hyemalis,Clangula,Clangula_hyemalis
Anseriformes,"Anatidae (Ducks, Geese, and Waterfowl)",Bufflehead,Bucephala albeola,Bucephala,Bucephala_albeola
Anseriformes,"Anatidae (Ducks, Geese, and Waterfowl)",Common Goldeneye,Bucephala clangula,Bucephala,Bucephala_clangula
Anseriformes,"Anatidae (Ducks, Geese, and Waterfowl)",Barrow's Goldeneye,Bucephala islandica,Bucephala,Bucephala_islandica
Anseriformes,"Anatidae (Ducks, Geese, and Waterfowl)",Smew,Mergellus albellus,Mergellus,Mergellus_albellus
Anseriformes,"Anatidae (Ducks, Geese, and Waterfowl)",Hooded Merganser,Lophodytes cucullatus,Lophodytes,Lophodytes_cucullatus
Anseriformes,"Anatidae (Ducks, Geese, and Waterfowl)",Common Merganser,Mergus merganser,Mergus,Mergus_merganser
Anseriformes,"Anatidae (Ducks, Geese, and Waterfowl)",Brazilian Merganser,Mergus octosetaceus,Mergus,Mergus_octosetaceus
Anseriformes,"Anatidae (Ducks, Geese, and Waterfowl)",Red-breasted Merganser,Mergus serrator,Mergus,Mergus_serrator
Anseriformes,"Anatidae (Ducks, Geese, and Waterfowl)",Scaly-sided Merganser,Mergus squamatus,Mergus,Mergus_squamatus
Charadriiformes,Scolopacidae (Sandpipers and Allies),Wilson's Phalarope,Phalaropus tricolor,Phalaropus,Phalaropus_tricolor
Charadriiformes,Scolopacidae (Sandpipers and Allies),Red Phalarope,Phalaropus fulicarius,Phalaropus,Phalaropus_fulicarius
Charadriiformes,Scolopacidae (Sandpipers and Allies),Red-necked Phalarope,Phalaropus lobatus,Phalaropus,Phalaropus_lobatus
Charadriiformes,Stercorariidae (Skuas and Jaegers),Long-tailed Jaeger,Stercorarius longicaudus,Stercorarius,Stercorarius_longicaudus
Charadriiformes,Stercorariidae (Skuas and Jaegers),Parasitic Jaeger,Stercorarius parasiticus,Stercorarius,Stercorarius_parasiticus
Charadriiformes,Stercorariidae (Skuas and Jaegers),Pomarine Jaeger,Stercorarius pomarinus,Stercorarius,Stercorarius_pomarinus
Charadriiformes,Stercorariidae (Skuas and Jaegers),Great Skua,Stercorarius skua,Stercorarius,Stercorarius_skua
Charadriiformes,Stercorariidae (Skuas and Jaegers),Chilean Skua,Stercorarius chilensis,Stercorarius,Stercorarius_chilensis
Charadriiformes,Stercorariidae (Skuas and Jaegers),Brown Skua,Stercorarius antarcticus,Stercorarius,Stercorarius_antarcticus
Charadriiformes,Stercorariidae (Skuas and Jaegers),South Polar Skua,Stercorarius maccormicki,Stercorarius,Stercorarius_maccormicki
Charadriiformes,"Alcidae (Auks, Murres, and Puffins)",Rhinoceros Auklet,Cerorhinca monocerata,Cerorhinca,Cerorhinca_monocerata
Charadriiformes,"Alcidae (Auks, Murres, and Puffins)",Tufted Puffin,Fratercula cirrhata,Fratercula,Fratercula_cirrhata
Charadriiformes,"Alcidae (Auks, Murres, and Puffins)",Atlantic Puffin,Fratercula arctica,Fratercula,Fratercula_arctica
Charadriiformes,"Alcidae (Auks, Murres, and Puffins)",Horned Puffin,Fratercula corniculata,Fratercula,Fratercula_corniculata
Charadriiformes,"Alcidae (Auks, Murres, and Puffins)",Cassin's Auklet,Ptychoramphus aleuticus,Ptychoramphus,Ptychoramphus_aleuticus
Charadriiformes,"Alcidae (Auks, Murres, and Puffins)",Least Auklet,Aethia pusilla,Aethia,Aethia_pusilla
Charadriiformes,"Alcidae (Auks, Murres, and Puffins)",Whiskered Auklet,Aethia pygmaea,Aethia,Aethia_pygmaea
Charadriiformes,"Alcidae (Auks, Murres, and Puffins)",Crested Auklet,Aethia cristatella,Aethia,Aethia_cristatella
Charadriiformes,"Alcidae (Auks, Murres, and Puffins)",Parakeet Auklet,Aethia psittacula,Aethia,Aethia_psittacula
Charadriiformes,"Alcidae (Auks, Murres, and Puffins)",Long-billed Murrelet,Brachyramphus perdix,Brachyramphus,Brachyramphus_perdix
Charadriiformes,"Alcidae (Auks, Murres, and Puffins)",Kittlitz's Murrelet,Brachyramphus brevirostris,Brachyramphus,Brachyramphus_brevirostris
Charadriiformes,"Alcidae (Auks, Murres, and Puffins)",Marbled Murrelet,Brachyramphus marmoratus,Brachyramphus,Brachyramphus_marmoratus
Charadriiformes,"Alcidae (Auks, Murres, and Puffins)",Black Guillemot,Cepphus grylle,Cepphus,Cepphus_grylle
Charadriiformes,"Alcidae (Auks, Murres, and Puffins)",Spectacled Guillemot,Cepphus carbo,Cepphus,Cepphus_carbo
Charadriiformes,"Alcidae (Auks, Murres, and Puffins)",Pigeon Guillemot,Cepphus columba,Cepphus,Cepphus_columba
Charadriiformes,"Alcidae (Auks, Murres, and Puffins)",Razorbill,Alca torda,Alca,Alca_torda
Charadriiformes,"Alcidae (Auks, Murres, and Puffins)",Dovekie,Alle alle,Alle,Alle_alle
Charadriiformes,"Alcidae (Auks, Murres, and Puffins)",Thick-billed Murre,Uria lomvia,Uria,Uria_lomvia
Charadriiformes,"Alcidae (Auks, Murres, and Puffins)",Common Murre,Uria aalge,Uria,Uria_aalge
Charadriiformes,"Alcidae (Auks, Murres, and Puffins)",Ancient Murrelet,Synthliboramphus antiquus,Synthliboramphus,Synthliboramphus_antiquus
Charadriiformes,"Alcidae (Auks, Murres, and Puffins)",Japanese Murrelet,Synthliboramphus wumizusume,Synthliboramphus,Synthliboramphus_wumizusume
Charadriiformes,"Alcidae (Auks, Murres, and Puffins)",Scripps's Murrelet,Synthliboramphus scrippsi,Synthliboramphus,Synthliboramphus_scrippsi
Charadriiformes,"Alcidae (Auks, Murres, and Puffins)",Guadalupe Murrelet,Synthliboramphus hypoleucus,Synthliboramphus,Synthliboramphus_hypoleucus
Charadriiformes,"Alcidae (Auks, Murres, and Puffins)",Craveri's Murrelet,Synthliboramphus craveri,Synthliboramphus,Synthliboramphus_craveri
Charadriiformes,"Laridae (Gulls, Terns, and Skimmers)",Swallow-tailed Gull,Creagrus furcatus,Creagrus,Creagrus_furcatus
Charadriiformes,"Laridae (Gulls, Terns, and Skimmers)",Little Gull,Hydrocoloeus minutus,Hydrocoloeus,Hydrocoloeus_minutus
Charadriiformes,"Laridae (Gulls, Terns, and Skimmers)",Ross's Gull,Rhodostethia rosea,Rhodostethia,Rhodostethia_rosea
Charadriiformes,"Laridae (Gulls, Terns, and Skimmers)",Black-legged Kittiwake,Rissa tridactyla,Rissa,Rissa_tridactyla
Charadriiformes,"Laridae (Gulls, Terns, and Skimmers)",Red-legged Kittiwake,Rissa brevirostris,Rissa,Rissa_brevirostris
Charadriiformes,"Laridae (Gulls, Terns, and Skimmers)",Ivory Gull,Pagophila eburnea,Pagophila,Pagophila_eburnea
Charadriiformes,"Laridae (Gulls, Terns, and Skimmers)",Sabine's Gull,Xema sabini,Xema,Xema_sabini
Charadriiformes,"Laridae (Gulls, Terns, and Skimmers)",Saunders's Gull,Saundersilarus saundersi,Saundersilarus,Saundersilarus_saundersi
Charadriiformes,"Laridae (Gulls, Terns, and Skimmers)",Slender-billed Gull,Chroicocephalus genei,Chroicocephalus,Chroicocephalus_genei
Charadriiformes,"Laridae (Gulls, Terns, and Skimmers)",Bonaparte's Gull,Chroicocephalus philadelphia,Chroicocephalus,Chroicocephalus_philadelphia
Charadriiformes,"Laridae (Gulls, Terns, and Skimmers)",Silver Gull,Chroicocephalus novaehollandiae,Chroicocephalus,Chroicocephalus_novaehollandiae
Charadriiformes,"Laridae (Gulls, Terns, and Skimmers)",Black-billed Gull,Chroicocephalus bulleri,Chroicocephalus,Chroicocephalus_bulleri
Charadriiformes,"Laridae (Gulls, Terns, and Skimmers)",Andean Gull,Chroicocephalus serranus,Chroicocephalus,Chroicocephalus_serranus
Charadriiformes,"Laridae (Gulls, Terns, and Skimmers)",Brown-hooded Gull,Chroicocephalus maculipennis,Chroicocephalus,Chroicocephalus_maculipennis
Charadriiformes,"Laridae (Gulls, Terns, and Skimmers)",Black-headed Gull,Chroicocephalus ridibundus,Chroicocephalus,Chroicocephalus_ridibundus
Charadriiformes,"Laridae (Gulls, Terns, and Skimmers)",Brown-headed Gull,Chroicocephalus brunnicephalus,Chroicocephalus,Chroicocephalus_brunnicephalus
Charadriiformes,"Laridae (Gulls, Terns, and Skimmers)",Gray-hooded Gull,Chroicocephalus cirrocephalus,Chroicocephalus,Chroicocephalus_cirrocephalus
Charadriiformes,"Laridae (Gulls, Terns, and Skimmers)",Hartlaub's Gull,Chroicocephalus hartlaubii,Chroicocephalus,Chroicocephalus_hartlaubii
Charadriiformes,"Laridae (Gulls, Terns, and Skimmers)",Gray Gull,Leucophaeus modestus,Leucophaeus,Leucophaeus_modestus
Charadriiformes,"Laridae (Gulls, Terns, and Skimmers)",Dolphin Gull,Leucophaeus scoresbii,Leucophaeus,Leucophaeus_scoresbii
Charadriiformes,"Laridae (Gulls, Terns, and Skimmers)",Laughing Gull,Leucophaeus atricilla,Leucophaeus,Leucophaeus_atricilla
Charadriiformes,"Laridae (Gulls, Terns, and Skimmers)",Franklin's Gull,Leucophaeus pipixcan,Leucophaeus,Leucophaeus_pipixcan
Charadriiformes,"Laridae (Gulls, Terns, and Skimmers)",Lava Gull,Leucophaeus fuliginosus,Leucophaeus,Leucophaeus_fuliginosus
Charadriiformes,"Laridae (Gulls, Terns, and Skimmers)",Pallas's Gull,Ichthyaetus ichthyaetus,Ichthyaetus,Ichthyaetus_ichthyaetus
Charadriiformes,"Laridae (Gulls, Terns, and Skimmers)",Relict Gull,Ichthyaetus relictus,Ichthyaetus,Ichthyaetus_relictus
Charadriiformes,"Laridae (Gulls, Terns, and Skimmers)",Audouin's Gull,Ichthyaetus audouinii,Ichthyaetus,Ichthyaetus_audouinii
Charadriiformes,"Laridae (Gulls, Terns, and Skimmers)",Mediterranean Gull,Ichthyaetus melanocephalus,Ichthyaetus,Ichthyaetus_melanocephalus
Charadriiformes,"Laridae (Gulls, Terns, and Skimmers)",Sooty Gull,Ichthyaetus hemprichii,Ichthyaetus,Ichthyaetus_hemprichii
Charadriiformes,"Laridae (Gulls, Terns, and Skimmers)",White-eyed Gull,Ichthyaetus leucophthalmus,Ichthyaetus,Ichthyaetus_leucophthalmus
Charadriiformes,"Laridae (Gulls, Terns, and Skimmers)",Pacific Gull,Larus pacificus,Larus,Larus_pacificus
Charadriiformes,"Laridae (Gulls, Terns, and Skimmers)",Belcher's Gull,Larus belcheri,Larus,Larus_belcheri
Charadriiformes,"Laridae (Gulls, Terns, and Skimmers)",Black-tailed Gull,Larus crassirostris,Larus,Larus_crassirostris
Charadriiformes,"Laridae (Gulls, Terns, and Skimmers)",Olrog's Gull,Larus atlanticus,Larus,Larus_atlanticus
Charadriiformes,"Laridae (Gulls, Terns, and Skimmers)",Heermann's Gull,Larus heermanni,Larus,Larus_heermanni
Charadriiformes,"Laridae (Gulls, Terns, and Skimmers)",Common Gull,Larus canus,Larus,Larus_canus
Charadriiformes,"Laridae (Gulls, Terns, and Skimmers)",Short-billed Gull,Larus brachyrhynchus,Larus,Larus_brachyrhynchus
Charadriiformes,"Laridae (Gulls, Terns, and Skimmers)",Ring-billed Gull,Larus delawarensis,Larus,Larus_delawarensis
Charadriiformes,"Laridae (Gulls, Terns, and Skimmers)",Yellow-footed Gull,Larus livens,Larus,Larus_livens
Charadriiformes,"Laridae (Gulls, Terns, and Skimmers)",Western Gull,Larus occidentalis,Larus,Larus_occidentalis
Charadriiformes,"Laridae (Gulls, Terns, and Skimmers)",Caspian Gull,Larus cachinnans,Larus,Larus_cachinnans
Charadriiformes,"Laridae (Gulls, Terns, and Skimmers)",Kelp Gull,Larus dominicanus,Larus,Larus_dominicanus
Charadriiformes,"Laridae (Gulls, Terns, and Skimmers)",American Herring Gull,Larus smithsonianus,Larus,Larus_smithsonianus
Charadriiformes,"Laridae (Gulls, Terns, and Skimmers)",Vega Gull,Larus vegae,Larus,Larus_vegae
Charadriiformes,"Laridae (Gulls, Terns, and Skimmers)",Mongolian Gull,Larus mongolicus,Larus,Larus_mongolicus
Charadriiformes,"Laridae (Gulls, Terns, and Skimmers)",European Herring Gull,Larus argentatus,Larus,Larus_argentatus
Charadriiformes,"Laridae (Gulls, Terns, and Skimmers)",Yellow-legged Gull,Larus michahellis,Larus,Larus_michahellis
Charadriiformes,"Laridae (Gulls, Terns, and Skimmers)",Armenian Gull,Larus armenicus,Larus,Larus_armenicus
Charadriiformes,"Laridae (Gulls, Terns, and Skimmers)",Great Black-backed Gull,Larus marinus,Larus,Larus_marinus
Charadriiformes,"Laridae (Gulls, Terns, and Skimmers)",Glaucous Gull,Larus hyperboreus,Larus,Larus_hyperboreus
Charadriiformes,"Laridae (Gulls, Terns, and Skimmers)",Lesser Black-backed Gull,Larus fuscus,Larus,Larus_fuscus
Charadriiformes,"Laridae (Gulls, Terns, and Skimmers)",California Gull,Larus californicus,Larus,Larus_californicus
Charadriiformes,"Laridae (Gulls, Terns, and Skimmers)",Glaucous-winged Gull,Larus glaucescens,Larus,Larus_glaucescens
Charadriiformes,"Laridae (Gulls, Terns, and Skimmers)",Slaty-backed Gull,Larus schistisagus,Larus,Larus_schistisagus
Charadriiformes,"Laridae (Gulls, Terns, and Skimmers)",Iceland Gull,Larus glaucoides,Larus,Larus_glaucoides
Charadriiformes,"Laridae (Gulls, Terns, and Skimmers)",African Skimmer,Rynchops flavirostris,Rynchops,Rynchops_flavirostris
Charadriiformes,"Laridae (Gulls, Terns, and Skimmers)",Indian Skimmer,Rynchops albicollis,Rynchops,Rynchops_albicollis
Charadriiformes,"Laridae (Gulls, Terns, and Skimmers)",Black Skimmer,Rynchops niger,Rynchops,Rynchops_niger
Charadriiformes,"Laridae (Gulls, Terns, and Skimmers)",White Tern,Gygis alba,Gygis,Gygis_alba
Charadriiformes,"Laridae (Gulls, Terns, and Skimmers)",Brown Noddy,Anous stolidus,Anous,Anous_stolidus
Charadriiformes,"Laridae (Gulls, Terns, and Skimmers)",Lesser Noddy,Anous tenuirostris,Anous,Anous_tenuirostris
Charadriiformes,"Laridae (Gulls, Terns, and Skimmers)",Black Noddy,Anous minutus,Anous,Anous_minutus
Charadriiformes,"Laridae (Gulls, Terns, and Skimmers)",Gray Noddy,Anous albivitta,Anous,Anous_albivitta
Charadriiformes,"Laridae (Gulls, Terns, and Skimmers)",Blue-gray Noddy,Anous ceruleus,Anous,Anous_ceruleus
Charadriiformes,"Laridae (Gulls, Terns, and Skimmers)",Aleutian Tern,Onychoprion aleuticus,Onychoprion,Onychoprion_aleuticus
Charadriiformes,"Laridae (Gulls, Terns, and Skimmers)",Sooty Tern,Onychoprion fuscatus,Onychoprion,Onychoprion_fuscatus
Charadriiformes,"Laridae (Gulls, Terns, and Skimmers)",Bridled Tern,Onychoprion anaethetus,Onychoprion,Onychoprion_anaethetus
Charadriiformes,"Laridae (Gulls, Terns, and Skimmers)",Gray-backed Tern,Onychoprion lunatus,Onychoprion,Onychoprion_lunatus
Charadriiformes,"Laridae (Gulls, Terns, and Skimmers)",Little Tern,Sternula albifrons,Sternula,Sternula_albifrons
Charadriiformes,"Laridae (Gulls, Terns, and Skimmers)",Saunders's Tern,Sternula saundersi,Sternula,Sternula_saundersi
Charadriiformes,"Laridae (Gulls, Terns, and Skimmers)",Damara Tern,Sternula balaenarum,Sternula,Sternula_balaenarum
Charadriiformes,"Laridae (Gulls, Terns, and Skimmers)",Australian Fairy Tern,Sternula nereis,Sternula,Sternula_nereis
Charadriiformes,"Laridae (Gulls, Terns, and Skimmers)",Least Tern,Sternula antillarum,Sternula,Sternula_antillarum
Charadriiformes,"Laridae (Gulls, Terns, and Skimmers)",Yellow-billed Tern,Sternula superciliaris,Sternula,Sternula_superciliaris
Charadriiformes,"Laridae (Gulls, Terns, and Skimmers)",Peruvian Tern,Sternula lorata,Sternula,Sternula_lorata
Charadriiformes,"Laridae (Gulls, Terns, and Skimmers)",Large-billed Tern,Phaetusa simplex,Phaetusa,Phaetusa_simplex
Charadriiformes,"Laridae (Gulls, Terns, and Skimmers)",Gull-billed Tern,Gelochelidon nilotica,Gelochelidon,Gelochelidon_nilotica
Charadriiformes,"Laridae (Gulls, Terns, and Skimmers)",Australian Tern,Gelochelidon macrotarsa,Gelochelidon,Gelochelidon_macrotarsa
Charadriiformes,"Laridae (Gulls, Terns, and Skimmers)",Caspian Tern,Hydroprogne caspia,Hydroprogne,Hydroprogne_caspia
Charadriiformes,"Laridae (Gulls, Terns, and Skimmers)",Inca Tern,Larosterna inca,Larosterna,Larosterna_inca
Charadriiformes,"Laridae (Gulls, Terns, and Skimmers)",Whiskered Tern,Chlidonias hybrida,Chlidonias,Chlidonias_hybrida
Charadriiformes,"Laridae (Gulls, Terns, and Skimmers)",Black-fronted Tern,Chlidonias albostriatus,Chlidonias,Chlidonias_albostriatus
Charadriiformes,"Laridae (Gulls, Terns, and Skimmers)",Black Tern,Chlidonias niger,Chlidonias,Chlidonias_niger
Charadriiformes,"Laridae (Gulls, Terns, and Skimmers)",White-winged Tern,Chlidonias leucopterus,Chlidonias,Chlidonias_leucopterus
Charadriiformes,"Laridae (Gulls, Terns, and Skimmers)",River Tern,Sterna aurantia,Sterna,Sterna_aurantia
Charadriiformes,"Laridae (Gulls, Terns, and Skimmers)",Forster's Tern,Sterna forsteri,Sterna,Sterna_forsteri
Charadriiformes,"Laridae (Gulls, Terns, and Skimmers)",Snowy-crowned Tern,Sterna trudeaui,Sterna,Sterna_trudeaui
Charadriiformes,"Laridae (Gulls, Terns, and Skimmers)",Arctic Tern,Sterna paradisaea,Sterna,Sterna_paradisaea
Charadriiformes,"Laridae (Gulls, Terns, and Skimmers)",South American Tern,Sterna hirundinacea,Sterna,Sterna_hirundinacea
Charadriiformes,"Laridae (Gulls, Terns, and Skimmers)",Antarctic Tern,Sterna vittata,Sterna,Sterna_vittata
Charadriiformes,"Laridae (Gulls, Terns, and Skimmers)",Kerguelen Tern,Sterna virgata,Sterna,Sterna_virgata
Charadriiformes,"Laridae (Gulls, Terns, and Skimmers)",Common Tern,Sterna hirundo,Sterna,Sterna_hirundo
Charadriiformes,"Laridae (Gulls, Terns, and Skimmers)",White-cheeked Tern,Sterna repressa,Sterna,Sterna_repressa
Charadriiformes,"Laridae (Gulls, Terns, and Skimmers)",Black-naped Tern,Sterna sumatrana,Sterna,Sterna_sumatrana
Charadriiformes,"Laridae (Gulls, Terns, and Skimmers)",Roseate Tern,Sterna dougallii,Sterna,Sterna_dougallii
Charadriiformes,"Laridae (Gulls, Terns, and Skimmers)",White-fronted Tern,Sterna striata,Sterna,Sterna_striata
Charadriiformes,"Laridae (Gulls, Terns, and Skimmers)",Black-bellied Tern,Sterna acuticauda,Sterna,Sterna_acuticauda
Charadriiformes,"Laridae (Gulls, Terns, and Skimmers)",Sandwich Tern,Thalasseus sandvicensis,Thalasseus,Thalasseus_sandvicensis
Charadriiformes,"Laridae (Gulls, Terns, and Skimmers)",Elegant Tern,Thalasseus elegans,Thalasseus,Thalasseus_elegans
Charadriiformes,"Laridae (Gulls, Terns, and Skimmers)",Lesser Crested Tern,Thalasseus bengalensis,Thalasseus,Thalasseus_bengalensis
Charadriiformes,"Laridae (Gulls, Terns, and Skimmers)",West African Crested Tern,Thalasseus albididorsalis,Thalasseus,Thalasseus_albididorsalis
Charadriiformes,"Laridae (Gulls, Terns, and Skimmers)",Royal Tern,Thalasseus maximus,Thalasseus,Thalasseus_maximus
Charadriiformes,"Laridae (Gulls, Terns, and Skimmers)",Great Crested Tern,Thalasseus bergii,Thalasseus,Thalasseus_bergii
Charadriiformes,"Laridae (Gulls, Terns, and Skimmers)",Chinese Crested Tern,Thalasseus bernsteini,Thalasseus,Thalasseus_bernsteini
Phaethontiformes,Phaethontidae (Tropicbirds),White-tailed Tropicbird,Phaethon lepturus,Phaethon,Phaethon_lepturus
Phaethontiformes,Phaethontidae (Tropicbirds),Red-billed Tropicbird,Phaethon aethereus,Phaethon,Phaethon_aethereus
Phaethontiformes,Phaethontidae (Tropicbirds),Red-tailed Tropicbird,Phaethon rubricauda,Phaethon,Phaethon_rubricauda
Gaviiformes,Gaviidae (Loons),Red-throated Loon,Gavia stellata,Gavia,Gavia_stellata
Gaviiformes,Gaviidae (Loons),Arctic Loon,Gavia arctica,Gavia,Gavia_arctica
Gaviiformes,Gaviidae (Loons),Pacific Loon,Gavia pacifica,Gavia,Gavia_pacifica
Gaviiformes,Gaviidae (Loons),Common Loon,Gavia immer,Gavia,Gavia_immer
Gaviiformes,Gaviidae (Loons),Yellow-billed Loon,Gavia adamsii,Gavia,Gavia_adamsii
Sphenisciformes,Spheniscidae (Penguins),King Penguin,Aptenodytes patagonicus,Aptenodytes,Aptenodytes_patagonicus
Sphenisciformes,Spheniscidae (Penguins),Emperor Penguin,Aptenodytes forsteri,Aptenodytes,Aptenodytes_forsteri
Sphenisciformes,Spheniscidae (Penguins),Adelie Penguin,Pygoscelis adeliae,Pygoscelis,Pygoscelis_adeliae
Sphenisciformes,Spheniscidae (Penguins),Gentoo Penguin,Pygoscelis papua,Pygoscelis,Pygoscelis_papua
Sphenisciformes,Spheniscidae (Penguins),Chinstrap Penguin,Pygoscelis antarcticus,Pygoscelis,Pygoscelis_antarcticus
Sphenisciformes,Spheniscidae (Penguins),Yellow-eyed Penguin,Megadyptes antipodes,Megadyptes,Megadyptes_antipodes
Sphenisciformes,Spheniscidae (Penguins),Little Penguin,Eudyptula minor,Eudyptula,Eudyptula_minor
Sphenisciformes,Spheniscidae (Penguins),African Penguin,Spheniscus demersus,Spheniscus,Spheniscus_demersus
Sphenisciformes,Spheniscidae (Penguins),Humboldt Penguin,Spheniscus humboldti,Spheniscus,Spheniscus_humboldti
Sphenisciformes,Spheniscidae (Penguins),Galapagos Penguin,Spheniscus mendiculus,Spheniscus,Spheniscus_mendiculus
Sphenisciformes,Spheniscidae (Penguins),Magellanic Penguin,Spheniscus magellanicus,Spheniscus,Spheniscus_magellanicus
Sphenisciformes,Spheniscidae (Penguins),Fiordland Penguin,Eudyptes pachyrhynchus,Eudyptes,Eudyptes_pachyrhynchus
Sphenisciformes,Spheniscidae (Penguins),Erect-crested Penguin,Eudyptes sclateri,Eudyptes,Eudyptes_sclateri
Sphenisciformes,Spheniscidae (Penguins),Macaroni Penguin,Eudyptes chrysolophus,Eudyptes,Eudyptes_chrysolophus
Sphenisciformes,Spheniscidae (Penguins),Royal Penguin,Eudyptes schlegeli,Eudyptes,Eudyptes_schlegeli
Sphenisciformes,Spheniscidae (Penguins),Southern Rockhopper Penguin,Eudyptes chrysocome,Eudyptes,Eudyptes_chrysocome
Sphenisciformes,Spheniscidae (Penguins),Moseley's Rockhopper Penguin,Eudyptes moseleyi,Eudyptes,Eudyptes_moseleyi
Sphenisciformes,Spheniscidae (Penguins),Snares Penguin,Eudyptes robustus,Eudyptes,Eudyptes_robustus
Procellariiformes,Diomedeidae (Albatrosses),Northern Royal Albatross,Diomedea sanfordi,Diomedea,Diomedea_sanfordi
Procellariiformes,Diomedeidae (Albatrosses),Southern Royal Albatross,Diomedea epomophora,Diomedea,Diomedea_epomophora
Procellariiformes,Diomedeidae (Albatrosses),Snowy Albatross,Diomedea exulans,Diomedea,Diomedea_exulans
Procellariiformes,Diomedeidae (Albatrosses),Tristan Albatross,Diomedea dabbenena,Diomedea,Diomedea_dabbenena
Procellariiformes,Diomedeidae (Albatrosses),Antipodean Albatross,Diomedea antipodensis,Diomedea,Diomedea_antipodensis
Procellariiformes,Diomedeidae (Albatrosses),Amsterdam Albatross,Diomedea amsterdamensis,Diomedea,Diomedea_amsterdamensis
Procellariiformes,Diomedeidae (Albatrosses),Waved Albatross,Phoebastria irrorata,Phoebastria,Phoebastria_irrorata
Procellariiformes,Diomedeidae (Albatrosses),Laysan Albatross,Phoebastria immutabilis,Phoebastria,Phoebastria_immutabilis
Procellariiformes,Diomedeidae (Albatrosses),Black-footed Albatross,Phoebastria nigripes,Phoebastria,Phoebastria_nigripes
Procellariiformes,Diomedeidae (Albatrosses),Short-tailed Albatross,Phoebastria albatrus,Phoebastria,Phoebastria_albatrus
Procellariiformes,Diomedeidae (Albatrosses),Sooty Albatross,Phoebetria fusca,Phoebetria,Phoebetria_fusca
Procellariiformes,Diomedeidae (Albatrosses),Light-mantled Albatross,Phoebetria palpebrata,Phoebetria,Phoebetria_palpebrata
Procellariiformes,Diomedeidae (Albatrosses),Atlantic Yellow-nosed Albatross,Thalassarche chlororhynchos,Thalassarche,Thalassarche_chlororhynchos
Procellariiformes,Diomedeidae (Albatrosses),Indian Yellow-nosed Albatross,Thalassarche carteri,Thalassarche,Thalassarche_carteri
Procellariiformes,Diomedeidae (Albatrosses),Gray-headed Albatross,Thalassarche chrysostoma,Thalassarche,Thalassarche_chrysostoma
Procellariiformes,Diomedeidae (Albatrosses),Buller's Albatross,Thalassarche bulleri,Thalassarche,Thalassarche_bulleri
Procellariiformes,Diomedeidae (Albatrosses),White-capped Albatross,Thalassarche cauta,Thalassarche,Thalassarche_cauta
Procellariiformes,Diomedeidae (Albatrosses),Salvin's Albatross,Thalassarche salvini,Thalassarche,Thalassarche_salvini
Procellariiformes,Diomedeidae (Albatrosses),Chatham Albatross,Thalassarche eremita,Thalassarche,Thalassarche_eremita
Procellariiformes,Diomedeidae (Albatrosses),Black-browed Albatross,Thalassarche melanophris,Thalassarche,Thalassarche_melanophris
Procellariiformes,Oceanitidae (Southern Storm-Petrels),Wilson's Storm-Petrel,Oceanites oceanicus,Oceanites,Oceanites_oceanicus
Procellariiformes,Oceanitidae (Southern Storm-Petrels),Pincoya Storm-Petrel,Oceanites pincoyae,Oceanites,Oceanites_pincoyae
Procellariiformes,Oceanitidae (Southern Storm-Petrels),Elliot's Storm-Petrel,Oceanites gracilis,Oceanites,Oceanites_gracilis
Procellariiformes,Oceanitidae (Southern Storm-Petrels),Gray-backed Storm-Petrel,Garrodia nereis,Garrodia,Garrodia_nereis
Procellariiformes,Oceanitidae (Southern Storm-Petrels),White-faced Storm-Petrel,Pelagodroma marina,Pelagodroma,Pelagodroma_marina
Procellariiformes,Oceanitidae (Southern Storm-Petrels),White-bellied Storm-Petrel,Fregetta grallaria,Fregetta,Fregetta_grallaria
Procellariiformes,Oceanitidae (Southern Storm-Petrels),New Zealand Storm-Petrel,Fregetta maoriana,Fregetta,Fregetta_maoriana
Procellariiformes,Oceanitidae (Southern Storm-Petrels),New Caledonian Storm-Petrel,Fregetta lineata,Fregetta,Fregetta_lineata
Procellariiformes,Oceanitidae (Southern Storm-Petrels),Black-bellied Storm-Petrel,Fregetta tropica,Fregetta,Fregetta_tropica
Procellariiformes,Oceanitidae (Southern Storm-Petrels),Polynesian Storm-Petrel,Nesofregetta fuliginosa,Nesofregetta,Nesofregetta_fuliginosa
Procellariiformes,Hydrobatidae (Northern Storm-Petrels),European Storm-Petrel,Hydrobates pelagicus,Hydrobates,Hydrobates_pelagicus
Procellariiformes,Hydrobatidae (Northern Storm-Petrels),Fork-tailed Storm-Petrel,Hydrobates furcatus,Hydrobates,Hydrobates_furcatus
Procellariiformes,Hydrobatidae (Northern Storm-Petrels),Ringed Storm-Petrel,Hydrobates hornbyi,Hydrobates,Hydrobates_hornbyi
Procellariiformes,Hydrobatidae (Northern Storm-Petrels),Leach's Storm-Petrel,Hydrobates leucorhous,Hydrobates,Hydrobates_leucorhous
Procellariiformes,Hydrobatidae (Northern Storm-Petrels),Townsend's Storm-Petrel,Hydrobates socorroensis,Hydrobates,Hydrobates_socorroensis
Procellariiformes,Hydrobatidae (Northern Storm-Petrels),Ainley's Storm-Petrel,Hydrobates cheimomnestes,Hydrobates,Hydrobates_cheimomnestes
Procellariiformes,Hydrobatidae (Northern Storm-Petrels),Swinhoe's Storm-Petrel,Hydrobates monorhis,Hydrobates,Hydrobates_monorhis
Procellariiformes,Hydrobatidae (Northern Storm-Petrels),Ashy Storm-Petrel,Hydrobates homochroa,Hydrobates,Hydrobates_homochroa
Procellariiformes,Hydrobatidae (Northern Storm-Petrels),Band-rumped Storm-Petrel,Hydrobates castro,Hydrobates,Hydrobates_castro
Procellariiformes,Hydrobatidae (Northern Storm-Petrels),Monteiro's Storm-Petrel,Hydrobates monteiroi,Hydrobates,Hydrobates_monteiroi
Procellariiformes,Hydrobatidae (Northern Storm-Petrels),Cape Verde Storm-Petrel,Hydrobates jabejabe,Hydrobates,Hydrobates_jabejabe
Procellariiformes,Hydrobatidae (Northern Storm-Petrels),Wedge-rumped Storm-Petrel,Hydrobates tethys,Hydrobates,Hydrobates_tethys
Procellariiformes,Hydrobatidae (Northern Storm-Petrels),Black Storm-Petrel,Hydrobates melania,Hydrobates,Hydrobates_melania
Procellariiformes,Hydrobatidae (Northern Storm-Petrels),Markham's Storm-Petrel,Hydrobates markhami,Hydrobates,Hydrobates_markhami
Procellariiformes,Hydrobatidae (Northern Storm-Petrels),Matsudaira's Storm-Petrel,Hydrobates matsudairae,Hydrobates,Hydrobates_matsudairae
Procellariiformes,Hydrobatidae (Northern Storm-Petrels),Tristram's Storm-Petrel,Hydrobates tristrami,Hydrobates,Hydrobates_tristrami
Procellariiformes,Hydrobatidae (Northern Storm-Petrels),Least Storm-Petrel,Hydrobates microsoma,Hydrobates,Hydrobates_microsoma
Procellariiformes,Procellariidae (Shearwaters and Petrels),Southern Giant-Petrel,Macronectes giganteus,Macronectes,Macronectes_giganteus
Procellariiformes,Procellariidae (Shearwaters and Petrels),Northern Giant-Petrel,Macronectes halli,Macronectes,Macronectes_halli
Procellariiformes,Procellariidae (Shearwaters and Petrels),Northern Fulmar,Fulmarus glacialis,Fulmarus,Fulmarus_glacialis
Procellariiformes,Procellariidae (Shearwaters and Petrels),Southern Fulmar,Fulmarus glacialoides,Fulmarus,Fulmarus_glacialoides
Procellariiformes,Procellariidae (Shearwaters and Petrels),Antarctic Petrel,Thalassoica antarctica,Thalassoica,Thalassoica_antarctica
Procellariiformes,Procellariidae (Shearwaters and Petrels),Pintado Petrel,Daption capense,Daption,Daption_capense
Procellariiformes,Procellariidae (Shearwaters and Petrels),Snow Petrel,Pagodroma nivea,Pagodroma,Pagodroma_nivea
Procellariiformes,Procellariidae (Shearwaters and Petrels),Kerguelen Petrel,Aphrodroma brevirostris,Aphrodroma,Aphrodroma_brevirostris
Procellariiformes,Procellariidae (Shearwaters and Petrels),Great-winged Petrel,Pterodroma macroptera,Pterodroma,Pterodroma_macroptera
Procellariiformes,Procellariidae (Shearwaters and Petrels),Gray-faced Petrel,Pterodroma gouldi,Pterodroma,Pterodroma_gouldi
Procellariiformes,Procellariidae (Shearwaters and Petrels),Kermadec Petrel,Pterodroma neglecta,Pterodroma,Pterodroma_neglecta
Procellariiformes,Procellariidae (Shearwaters and Petrels),Magenta Petrel,Pterodroma magentae,Pterodroma,Pterodroma_magentae
Procellariiformes,Procellariidae (Shearwaters and Petrels),Trindade Petrel,Pterodroma arminjoniana,Pterodroma,Pterodroma_arminjoniana
Procellariiformes,Procellariidae (Shearwaters and Petrels),Herald Petrel,Pterodroma heraldica,Pterodroma,Pterodroma_heraldica
Procellariiformes,Procellariidae (Shearwaters and Petrels),Murphy's Petrel,Pterodroma ultima,Pterodroma,Pterodroma_ultima
Procellariiformes,Procellariidae (Shearwaters and Petrels),Providence Petrel,Pterodroma solandri,Pterodroma,Pterodroma_solandri
Procellariiformes,Procellariidae (Shearwaters and Petrels),Henderson Petrel,Pterodroma atrata,Pterodroma,Pterodroma_atrata
Procellariiformes,Procellariidae (Shearwaters and Petrels),Zino's Petrel,Pterodroma madeira,Pterodroma,Pterodroma_madeira
Procellariiformes,Procellariidae (Shearwaters and Petrels),Fea's Petrel,Pterodroma feae,Pterodroma,Pterodroma_feae
Procellariiformes,Procellariidae (Shearwaters and Petrels),Soft-plumaged Petrel,Pterodroma mollis,Pterodroma,Pterodroma_mollis
Procellariiformes,Procellariidae (Shearwaters and Petrels),Barau's Petrel,Pterodroma baraui,Pterodroma,Pterodroma_baraui
Procellariiformes,Procellariidae (Shearwaters and Petrels),White-headed Petrel,Pterodroma lessonii,Pterodroma,Pterodroma_lessonii
Procellariiformes,Procellariidae (Shearwaters and Petrels),Mottled Petrel,Pterodroma inexpectata,Pterodroma,Pterodroma_inexpectata
Procellariiformes,Procellariidae (Shearwaters and Petrels),Bermuda Petrel,Pterodroma cahow,Pterodroma,Pterodroma_cahow
Procellariiformes,Procellariidae (Shearwaters and Petrels),Black-capped Petrel,Pterodroma hasitata,Pterodroma,Pterodroma_hasitata
Procellariiformes,Procellariidae (Shearwaters and Petrels),Jamaican Petrel,Pterodroma caribbaea,Pterodroma,Pterodroma_caribbaea
Procellariiformes,Procellariidae (Shearwaters and Petrels),Juan Fernandez Petrel,Pterodroma externa,Pterodroma,Pterodroma_externa
Procellariiformes,Procellariidae (Shearwaters and Petrels),Atlantic Petrel,Pterodroma incerta,Pterodroma,Pterodroma_incerta
Procellariiformes,Procellariidae (Shearwaters and Petrels),Galapagos Petrel,Pterodroma phaeopygia,Pterodroma,Pterodroma_phaeopygia
Procellariiformes,Procellariidae (Shearwaters and Petrels),Hawaiian Petrel,Pterodroma sandwichensis,Pterodroma,Pterodroma_sandwichensis
Procellariiformes,Procellariidae (Shearwaters and Petrels),White-necked Petrel,Pterodroma cervicalis,Pterodroma,Pterodroma_cervicalis
Procellariiformes,Procellariidae (Shearwaters and Petrels),Bonin Petrel,Pterodroma hypoleuca,Pterodroma,Pterodroma_hypoleuca
Procellariiformes,Procellariidae (Shearwaters and Petrels),Black-winged Petrel,Pterodroma nigripennis,Pterodroma,Pterodroma_nigripennis
Procellariiformes,Procellariidae (Shearwaters and Petrels),Chatham Islands Petrel,Pterodroma axillaris,Pterodroma,Pterodroma_axillaris
Procellariiformes,Procellariidae (Shearwaters and Petrels),Cook's Petrel,Pterodroma cookii,Pterodroma,Pterodroma_cookii
Procellariiformes,Procellariidae (Shearwaters and Petrels),Masatierra Petrel,Pterodroma defilippiana,Pterodroma,Pterodroma_defilippiana
Procellariiformes,Procellariidae (Shearwaters and Petrels),Gould's Petrel,Pterodroma leucoptera,Pterodroma,Pterodroma_leucoptera
Procellariiformes,Procellariidae (Shearwaters and Petrels),Collared Petrel,Pterodroma brevipes,Pterodroma,Pterodroma_brevipes
Procellariiformes,Procellariidae (Shearwaters and Petrels),Stejneger's Petrel,Pterodroma longirostris,Pterodroma,Pterodroma_longirostris
Procellariiformes,Procellariidae (Shearwaters and Petrels),Pycroft's Petrel,Pterodroma pycrofti,Pterodroma,Pterodroma_pycrofti
Procellariiformes,Procellariidae (Shearwaters and Petrels),Phoenix Petrel,Pterodroma alba,Pterodroma,Pterodroma_alba
Procellariiformes,Procellariidae (Shearwaters and Petrels),Vanuatu Petrel,Pterodroma occulta,Pterodroma,Pterodroma_occulta
Procellariiformes,Procellariidae (Shearwaters and Petrels),Blue Petrel,Halobaena caerulea,Halobaena,Halobaena_caerulea
Procellariiformes,Procellariidae (Shearwaters and Petrels),Fairy Prion,Pachyptila turtur,Pachyptila,Pachyptila_turtur
Procellariiformes,Procellariidae (Shearwaters and Petrels),Broad-billed Prion,Pachyptila vittata,Pachyptila,Pachyptila_vittata
Procellariiformes,Procellariidae (Shearwaters and Petrels),Salvin's Prion,Pachyptila salvini,Pachyptila,Pachyptila_salvini
Procellariiformes,Procellariidae (Shearwaters and Petrels),MacGillivray's Prion,Pachyptila macgillivrayi,Pachyptila,Pachyptila_macgillivrayi
Procellariiformes,Procellariidae (Shearwaters and Petrels),Antarctic Prion,Pachyptila desolata,Pachyptila,Pachyptila_desolata
Procellariiformes,Procellariidae (Shearwaters and Petrels),Slender-billed Prion,Pachyptila belcheri,Pachyptila,Pachyptila_belcheri
Procellariiformes,Procellariidae (Shearwaters and Petrels),Fulmar Prion,Pachyptila crassirostris,Pachyptila,Pachyptila_crassirostris
Procellariiformes,Procellariidae (Shearwaters and Petrels),Bulwer's Petrel,Bulweria bulwerii,Bulweria,Bulweria_bulwerii
Procellariiformes,Procellariidae (Shearwaters and Petrels),Jouanin's Petrel,Bulweria fallax,Bulweria,Bulweria_fallax
Procellariiformes,Procellariidae (Shearwaters and Petrels),Fiji Petrel,Pseudobulweria macgillivrayi,Pseudobulweria,Pseudobulweria_macgillivrayi
Procellariiformes,Procellariidae (Shearwaters and Petrels),Mascarene Petrel,Pseudobulweria aterrima,Pseudobulweria,Pseudobulweria_aterrima
Procellariiformes,Procellariidae (Shearwaters and Petrels),Tahiti Petrel,Pseudobulweria rostrata,Pseudobulweria,Pseudobulweria_rostrata
Procellariiformes,Procellariidae (Shearwaters and Petrels),Beck's Petrel,Pseudobulweria becki,Pseudobulweria,Pseudobulweria_becki
Procellariiformes,Procellariidae (Shearwaters and Petrels),Gray Petrel,Procellaria cinerea,Procellaria,Procellaria_cinerea
Procellariiformes,Procellariidae (Shearwaters and Petrels),White-chinned Petrel,Procellaria aequinoctialis,Procellaria,Procellaria_aequinoctialis
Procellariiformes,Procellariidae (Shearwaters and Petrels),Spectacled Petrel,Procellaria conspicillata,Procellaria,Procellaria_conspicillata
Procellariiformes,Procellariidae (Shearwaters and Petrels),Parkinson's Petrel,Procellaria parkinsoni,Procellaria,Procellaria_parkinsoni
Procellariiformes,Procellariidae (Shearwaters and Petrels),Westland Petrel,Procellaria westlandica,Procellaria,Procellaria_westlandica
Procellariiformes,Procellariidae (Shearwaters and Petrels),Streaked Shearwater,Calonectris leucomelas,Calonectris,Calonectris_leucomelas
Procellariiformes,Procellariidae (Shearwaters and Petrels),Cory's Shearwater,Calonectris borealis,Calonectris,Calonectris_borealis
Procellariiformes,Procellariidae (Shearwaters and Petrels),Scopoli's Shearwater,Calonectris diomedea,Calonectris,Calonectris_diomedea
Procellariiformes,Procellariidae (Shearwaters and Petrels),Cape Verde Shearwater,Calonectris edwardsii,Calonectris,Calonectris_edwardsii
Procellariiformes,Procellariidae (Shearwaters and Petrels),Pink-footed Shearwater,Ardenna creatopus,Ardenna,Ardenna_creatopus
Procellariiformes,Procellariidae (Shearwaters and Petrels),Flesh-footed Shearwater,Ardenna carneipes,Ardenna,Ardenna_carneipes
Procellariiformes,Procellariidae (Shearwaters and Petrels),Great Shearwater,Ardenna gravis,Ardenna,Ardenna_gravis
Procellariiformes,Procellariidae (Shearwaters and Petrels),Wedge-tailed Shearwater,Ardenna pacifica,Ardenna,Ardenna_pacifica
Procellariiformes,Procellariidae (Shearwaters and Petrels),Buller's Shearwater,Ardenna bulleri,Ardenna,Ardenna_bulleri
Procellariiformes,Procellariidae (Shearwaters and Petrels),Sooty Shearwater,Ardenna grisea,Ardenna,Ardenna_grisea
Procellariiformes,Procellariidae (Shearwaters and Petrels),Short-tailed Shearwater,Ardenna tenuirostris,Ardenna,Ardenna_tenuirostris
Procellariiformes,Procellariidae (Shearwaters and Petrels),Christmas Shearwater,Puffinus nativitatis,Puffinus,Puffinus_nativitatis
Procellariiformes,Procellariidae (Shearwaters and Petrels),Galapagos Shearwater,Puffinus subalaris,Puffinus,Puffinus_subalaris
Procellariiformes,Procellariidae (Shearwaters and Petrels),Manx Shearwater,Puffinus puffinus,Puffinus,Puffinus_puffinus
Procellariiformes,Procellariidae (Shearwaters and Petrels),Yelkouan Shearwater,Puffinus yelkouan,Puffinus,Puffinus_yelkouan
Procellariiformes,Procellariidae (Shearwaters and Petrels),Balearic Shearwater,Puffinus mauretanicus,Puffinus,Puffinus_mauretanicus
Procellariiformes,Procellariidae (Shearwaters and Petrels),Hutton's Shearwater,Puffinus huttoni,Puffinus,Puffinus_huttoni
Procellariiformes,Procellariidae (Shearwaters and Petrels),Bannerman's Shearwater,Puffinus bannermani,Puffinus,Puffinus_bannermani
Procellariiformes,Procellariidae (Shearwaters and Petrels),Townsend's Shearwater,Puffinus auricularis,Puffinus,Puffinus_auricularis
Procellariiformes,Procellariidae (Shearwaters and Petrels),Newell's Shearwater,Puffinus newelli,Puffinus,Puffinus_newelli
Procellariiformes,Procellariidae (Shearwaters and Petrels),Rapa Shearwater,Puffinus myrtae,Puffinus,Puffinus_myrtae
Procellariiformes,Procellariidae (Shearwaters and Petrels),Bryan's Shearwater,Puffinus bryani,Puffinus,Puffinus_bryani
Procellariiformes,Procellariidae (Shearwaters and Petrels),Black-vented Shearwater,Puffinus opisthomelas,Puffinus,Puffinus_opisthomelas
Procellariiformes,Procellariidae (Shearwaters and Petrels),Fluttering Shearwater,Puffinus gavia,Puffinus,Puffinus_gavia
Procellariiformes,Procellariidae (Shearwaters and Petrels),Little Shearwater,Puffinus assimilis,Puffinus,Puffinus_assimilis
Procellariiformes,Procellariidae (Shearwaters and Petrels),Subantarctic Shearwater,Puffinus elegans,Puffinus,Puffinus_elegans
Procellariiformes,Procellariidae (Shearwaters and Petrels),Barolo Shearwater,Puffinus baroli,Puffinus,Puffinus_baroli
Procellariiformes,Procellariidae (Shearwaters and Petrels),Boyd's Shearwater,Puffinus boydi,Puffinus,Puffinus_boydi
Procellariiformes,Procellariidae (Shearwaters and Petrels),Sargasso Shearwater,Puffinus lherminieri,Puffinus,Puffinus_lherminieri
Procellariiformes,Procellariidae (Shearwaters and Petrels),Tropical Shearwater,Puffinus bailloni,Puffinus,Puffinus_bailloni
Procellariiformes,Procellariidae (Shearwaters and Petrels),Persian Shearwater,Puffinus persicus,Puffinus,Puffinus_persicus
Procellariiformes,Procellariidae (Shearwaters and Petrels),Heinroth's Shearwater,Puffinus heinrothi,Puffinus,Puffinus_heinrothi
Procellariiformes,Procellariidae (Shearwaters and Petrels),Peruvian Diving-Petrel,Pelecanoides garnotii,Pelecanoides,Pelecanoides_garnotii
Procellariiformes,Procellariidae (Shearwaters and Petrels),Common Diving-Petrel,Pelecanoides urinatrix,Pelecanoides,Pelecanoides_urinatrix
Procellariiformes,Procellariidae (Shearwaters and Petrels),South Georgia Diving-Petrel,Pelecanoides georgicus,Pelecanoides,Pelecanoides_georgicus
Procellariiformes,Procellariidae (Shearwaters and Petrels),Magellanic Diving-Petrel,Pelecanoides magellani,Pelecanoides,Pelecanoides_magellani
Suliformes,Fregatidae (Frigatebirds),Ascension Frigatebird,Fregata aquila,Fregata,Fregata_aquila
Suliformes,Fregatidae (Frigatebirds),Magnificent Frigatebird,Fregata magnificens,Fregata,Fregata_magnificens
Suliformes,Fregatidae (Frigatebirds),Lesser Frigatebird,Fregata ariel,Fregata,Fregata_ariel
Suliformes,Fregatidae (Frigatebirds),Great Frigatebird,Fregata minor,Fregata,Fregata_minor
Suliformes,Fregatidae (Frigatebirds),Christmas Island Frigatebird,Fregata andrewsi,Fregata,Fregata_andrewsi
Suliformes,Sulidae (Boobies and Gannets),Abbott's Booby,Papasula abbotti,Papasula,Papasula_abbotti
Suliformes,Sulidae (Boobies and Gannets),Northern Gannet,Morus bassanus,Morus,Morus_bassanus
Suliformes,Sulidae (Boobies and Gannets),Cape Gannet,Morus capensis,Morus,Morus_capensis
Suliformes,Sulidae (Boobies and Gannets),Australasian Gannet,Morus serrator,Morus,Morus_serrator
Suliformes,Sulidae (Boobies and Gannets),Red-footed Booby,Sula sula,Sula,Sula_sula
Suliformes,Sulidae (Boobies and Gannets),Brown Booby,Sula leucogaster,Sula,Sula_leucogaster
Suliformes,Sulidae (Boobies and Gannets),Cocos Booby,Sula brewsteri,Sula,Sula_brewsteri
Suliformes,Sulidae (Boobies and Gannets),Masked Booby,Sula dactylatra,Sula,Sula_dactylatra
Suliformes,Sulidae (Boobies and Gannets),Nazca Booby,Sula granti,Sula,Sula_granti
Suliformes,Sulidae (Boobies and Gannets),Blue-footed Booby,Sula nebouxii,Sula,Sula_nebouxii
Suliformes,Sulidae (Boobies and Gannets),Peruvian Booby,Sula variegata,Sula,Sula_variegata
Suliformes,Phalacrocoracidae (Cormorants and Shags),Little Pied Cormorant,Microcarbo melanoleucos,Microcarbo,Microcarbo_melanoleucos
Suliformes,Phalacrocoracidae (Cormorants and Shags),Reed Cormorant,Microcarbo africanus,Microcarbo,Microcarbo_africanus
Suliformes,Phalacrocoracidae (Cormorants and Shags),Crowned Cormorant,Microcarbo coronatus,Microcarbo,Microcarbo_coronatus
Suliformes,Phalacrocoracidae (Cormorants and Shags),Little Cormorant,Microcarbo niger,Microcarbo,Microcarbo_niger
Suliformes,Phalacrocoracidae (Cormorants and Shags),Pygmy Cormorant,Microcarbo pygmaeus,Microcarbo,Microcarbo_pygmaeus
Suliformes,Phalacrocoracidae (Cormorants and Shags),Red-legged Cormorant,Poikilocarbo gaimardi,Poikilocarbo,Poikilocarbo_gaimardi
Suliformes,Phalacrocoracidae (Cormorants and Shags),Brandt's Cormorant,Urile penicillatus,Urile,Urile_penicillatus
Suliformes,Phalacrocoracidae (Cormorants and Shags),Red-faced Cormorant,Urile urile,Urile,Urile_urile
Suliformes,Phalacrocoracidae (Cormorants and Shags),Pelagic Cormorant,Urile pelagicus,Urile,Urile_pelagicus
Suliformes,Phalacrocoracidae (Cormorants and Shags),Bank Cormorant,Phalacrocorax neglectus,Phalacrocorax,Phalacrocorax_neglectus
Suliformes,Phalacrocoracidae (Cormorants and Shags),Cape Cormorant,Phalacrocorax capensis,Phalacrocorax,Phalacrocorax_capensis
Suliformes,Phalacrocoracidae (Cormorants and Shags),Great Cormorant,Phalacrocorax carbo,Phalacrocorax,Phalacrocorax_carbo
Suliformes,Phalacrocoracidae (Cormorants and Shags),Japanese Cormorant,Phalacrocorax capillatus,Phalacrocorax,Phalacrocorax_capillatus
Suliformes,Phalacrocoracidae (Cormorants and Shags),Socotra Cormorant,Phalacrocorax nigrogularis,Phalacrocorax,Phalacrocorax_nigrogularis
Suliformes,Phalacrocoracidae (Cormorants and Shags),Spotted Shag,Phalacrocorax punctatus,Phalacrocorax,Phalacrocorax_punctatus
Suliformes,Phalacrocoracidae (Cormorants and Shags),Pitt Island Shag,Phalacrocorax featherstoni,Phalacrocorax,Phalacrocorax_featherstoni
Suliformes,Phalacrocoracidae (Cormorants and Shags),Indian Cormorant,Phalacrocorax fuscicollis,Phalacrocorax,Phalacrocorax_fuscicollis
Suliformes,Phalacrocoracidae (Cormorants and Shags),Little Black Cormorant,Phalacrocorax sulcirostris,Phalacrocorax,Phalacrocorax_sulcirostris
Suliformes,Phalacrocoracidae (Cormorants and Shags),Pied Cormorant,Phalacrocorax varius,Phalacrocorax,Phalacrocorax_varius
Suliformes,Phalacrocoracidae (Cormorants and Shags),Black-faced Cormorant,Phalacrocorax fuscescens,Phalacrocorax,Phalacrocorax_fuscescens
Suliformes,Phalacrocoracidae (Cormorants and Shags),European Shag,Gulosus aristotelis,Gulosus,Gulosus_aristotelis
Suliformes,Phalacrocoracidae (Cormorants and Shags),Flightless Cormorant,Nannopterum harrisi,Nannopterum,Nannopterum_harrisi
Suliformes,Phalacrocoracidae (Cormorants and Shags),Double-crested Cormorant,Nannopterum auritum,Nannopterum,Nannopterum_auritum
Suliformes,Phalacrocoracidae (Cormorants and Shags),Neotropic Cormorant,Nannopterum brasilianum,Nannopterum,Nannopterum_brasilianum
Suliformes,Phalacrocoracidae (Cormorants and Shags),Magellanic Cormorant,Leucocarbo magellanicus,Leucocarbo,Leucocarbo_magellanicus
Suliformes,Phalacrocoracidae (Cormorants and Shags),Guanay Cormorant,Leucocarbo bougainvilliorum,Leucocarbo,Leucocarbo_bougainvilliorum
Suliformes,Phalacrocoracidae (Cormorants and Shags),Bounty Islands Shag,Leucocarbo ranfurlyi,Leucocarbo,Leucocarbo_ranfurlyi
Suliformes,Phalacrocoracidae (Cormorants and Shags),New Zealand King Shag,Leucocarbo carunculatus,Leucocarbo,Leucocarbo_carunculatus
Suliformes,Phalacrocoracidae (Cormorants and Shags),Stewart Island Shag,Leucocarbo chalconotus,Leucocarbo,Leucocarbo_chalconotus
Suliformes,Phalacrocoracidae (Cormorants and Shags),Chatham Islands Shag,Leucocarbo onslowi,Leucocarbo,Leucocarbo_onslowi
Suliformes,Phalacrocoracidae (Cormorants and Shags),Auckland Islands Shag,Leucocarbo colensoi,Leucocarbo,Leucocarbo_colensoi
Suliformes,Phalacrocoracidae (Cormorants and Shags),Campbell Islands Shag,Leucocarbo campbelli,Leucocarbo,Leucocarbo_campbelli
Suliformes,Phalacrocoracidae (Cormorants and Shags),South Georgia Shag,Leucocarbo georgianus,Leucocarbo,Leucocarbo_georgianus
Suliformes,Phalacrocoracidae (Cormorants and Shags),Imperial Cormorant,Leucocarbo atriceps,Leucocarbo,Leucocarbo_atriceps
Suliformes,Phalacrocoracidae (Cormorants and Shags),Antarctic Shag,Leucocarbo bransfieldensis,Leucocarbo,Leucocarbo_bransfieldensis
Suliformes,Phalacrocoracidae (Cormorants and Shags),Crozet Shag,Leucocarbo melanogenis,Leucocarbo,Leucocarbo_melanogenis
Suliformes,Phalacrocoracidae (Cormorants and Shags),Kerguelen Shag,Leucocarbo verrucosus,Leucocarbo,Leucocarbo_verrucosus
Suliformes,Phalacrocoracidae (Cormorants and Shags),Heard Island Shag,Leucocarbo nivalis,Leucocarbo,Leucocarbo_nivalis
Suliformes,Phalacrocoracidae (Cormorants and Shags),Macquarie Shag,Leucocarbo purpurascens,Leucocarbo,Leucocarbo_purpurascens
Pelecaniformes,Pelecanidae (Pelicans),American White Pelican,Pelecanus erythrorhynchos,Pelecanus,Pelecanus_erythrorhynchos
Pelecaniformes,Pelecanidae (Pelicans),Brown Pelican,Pelecanus occidentalis,Pelecanus,Pelecanus_occidentalis
Pelecaniformes,Pelecanidae (Pelicans),Peruvian Pelican,Pelecanus thagus,Pelecanus,Pelecanus_thagus
Pelecaniformes,Pelecanidae (Pelicans),Great White Pelican,Pelecanus onocrotalus,Pelecanus,Pelecanus_onocrotalus
Pelecaniformes,Pelecanidae (Pelicans),Australian Pelican,Pelecanus conspicillatus,Pelecanus,Pelecanus_conspicillatus
Pelecaniformes,Pelecanidae (Pelicans),Pink-backed Pelican,Pelecanus rufescens,Pelecanus,Pelecanus_rufescens
Pelecaniformes,Pelecanidae (Pelicans),Spot-billed Pelican,Pelecanus philippensis,Pelecanus,Pelecanus_philippensis
Pelecaniformes,Pelecanidae (Pelicans),Dalmatian Pelican,Pelecanus crispus,Pelecanus,Pelecanus_crispus
