Clements2024_Binomial,Order,Family,Genus,Common.Name,Feeding.method,Diet,Fish,Cephalopods,Crustaceans,Other.Inverts,Carrion,Anthropogenic.Subsidy,Pelagic.Specialist,Body.Mass.g,AS.Fishery,AS.Refuse,AS.Agriculture
Aethia cristatella,Charadriiformes,Alcidae,Aethia,Crested Auklet,Diving,Crustaceans,Yes,Yes,Yes,Yes,No,No,Yes,259.5,No,No,No
Aethia psittacula,Charadriiformes,Alcidae,Aethia,Parakeet Auklet,Diving,Crustaceans,Yes,No,Yes,Yes,No,No,Yes,270,No,No,No
Aethia pusilla,Charadriiformes,Alcidae,Aethia,Least Auklet,Diving,Crustaceans,No,No,Yes,Yes,No,No,Yes,84,No,No,No
Aethia pygmaea,Charadriiformes,Alcidae,Aethia,Whiskered Auklet,Diving,Crustaceans,No,No,Yes,Yes,No,No,Yes,112,No,No,No
Alca torda,Charadriiformes,Alcidae,Alca,Razorbill,Diving,Fish,Yes,No,Yes,Yes,No,No,Yes,726,No,No,No
Alle alle,Charadriiformes,Alcidae,Alle,Dovekie,Diving,Crustaceans,Yes,No,Yes,Yes,No,No,Yes,181.3,No,No,No
Anous albivitta,Charadriiformes,Laridae,Anous,Gray Noddy,Surface.Seizing,Crustaceans,Yes,Yes,Yes,No,No,No,Yes,72.2,No,No,No
Anous ceruleus,Charadriiformes,Laridae,Anous,Blue-gray Noddy,Surface.Seizing,Fish,Yes,Yes,Yes,Yes,No,No,Yes,53,No,No,No
Anous minutus,Charadriiformes,Laridae,Anous,Black Noddy,Surface.Seizing,Fish,Yes,Yes,No,No,No,No,Yes,116,No,No,No
Anous stolidus,Charadriiformes,Laridae,Anous,Brown Noddy,Surface.Seizing,Fish,Yes,Yes,No,No,No,No,Yes,189,No,No,No
Anous tenuirostris,Charadriiformes,Laridae,Anous,Lesser Noddy,Surface.Seizing,Fish,Yes,No,Yes,No,No,No,Yes,112,No,No,No
Aphrodroma brevirostris,Procellariiformes,Procellariidae,Aphrodroma,Kerguelen Petrel,Surface.Seizing,Cephalopods,Yes,Yes,Yes,Yes,No,No,Yes,357,No,No,No
Aptenodytes forsteri,Sphenisciformes,Spheniscidae,Aptenodytes,Emperor Penguin,Diving,Fish,Yes,Yes,Yes,No,No,No,Yes,33850,No,No,No
Aptenodytes patagonicus,Sphenisciformes,Spheniscidae,Aptenodytes,King Penguin,Diving,Fish,Yes,Yes,No,No,No,No,Yes,11751,No,No,No
Ardenna bulleri,Procellariiformes,Procellariidae,Ardenna,Buller's Shearwater,Plunging,Fish,Yes,Yes,Yes,No,No,Yes,Yes,407,Yes,No,No
Ardenna carneipes,Procellariiformes,Procellariidae,Ardenna,Flesh-footed Shearwater,Plunging,Fish,Yes,Yes,No,No,No,No,Yes,609,No,No,No
Ardenna creatopus,Procellariiformes,Procellariidae,Ardenna,Pink-footed Shearwater,Surface.Seizing,Fish,Yes,Yes,Yes,No,No,No,Yes,744,No,No,No
Ardenna gravis,Procellariiformes,Procellariidae,Ardenna,Great Shearwater,Surface.Seizing,Fish,Yes,Yes,Yes,No,No,Yes,Yes,849,Yes,No,No
Ardenna grisea,Procellariiformes,Procellariidae,Ardenna,Sooty Shearwater,Plunging,Fish,Yes,Yes,Yes,No,No,Yes,Yes,787,Yes,No,No
Ardenna pacifica,Procellariiformes,Procellariidae,Ardenna,Wedge-tailed Shearwater,Surface.Seizing,Fish,Yes,Yes,Yes,Yes,No,Yes,Yes,388,Yes,No,No
Ardenna tenuirostris,Procellariiformes,Procellariidae,Ardenna,Short-tailed Shearwater,Plunging,Crustaceans,Yes,Yes,Yes,No,No,No,Yes,559,No,No,No
Brachyramphus brevirostris,Charadriiformes,Alcidae,Brachyramphus,Kittlitz's Murrelet,Diving,Fish,Yes,No,Yes,No,No,No,Yes,234,No,No,No
Brachyramphus marmoratus,Charadriiformes,Alcidae,Brachyramphus,Marbled Murrelet,Diving,Fish,Yes,No,Yes,No,No,No,Yes,220,No,No,No
Brachyramphus perdix,Charadriiformes,Alcidae,Brachyramphus,Long-billed Murrelet,Diving,Fish,Yes,No,Yes,No,No,No,Yes,296,No,No,No
Bucephala albeola,Anseriformes,Anatidae,Bucephala,Bufflehead,Diving,Crustaceans,Yes,No,Yes,Yes,No,No,No,807,No,No,No
Bucephala clangula,Anseriformes,Anatidae,Bucephala,Common Goldeneye,Diving,Crustaceans,No,No,Yes,Yes,No,No,No,939.1666667,No,No,No
Bucephala islandica,Anseriformes,Anatidae,Bucephala,Barrow's Goldeneye,Bottom.Feeding,Crustaceans,No,No,Yes,Yes,No,No,No,1020.25,No,No,No
Bulweria bulwerii,Procellariiformes,Procellariidae,Bulweria,Bulwer's Petrel,Surface.Seizing,Fish,Yes,Yes,Yes,Yes,No,No,Yes,99,No,No,No
Bulweria fallax,Procellariiformes,Procellariidae,Bulweria,Jouanin's Petrel,Surface.Seizing,Cephalopods,Yes,Yes,Yes,No,No,No,Yes,173,No,No,No
Calonectris borealis,Procellariiformes,Procellariidae,Calonectris,Cory's Shearwater,Plunging,Fish,Yes,Yes,Yes,Yes,No,Yes,Yes,535,Yes,No,No
Calonectris diomedea,Procellariiformes,Procellariidae,Calonectris,Scopoli's Shearwater,Plunging,Fish,Yes,Yes,Yes,No,No,No,Yes,535,No,No,No
Calonectris edwardsii,Procellariiformes,Procellariidae,Calonectris,Cape Verde Shearwater,Skimming,Fish,Yes,Yes,Yes,No,No,Yes,Yes,480,Yes,No,No
Calonectris leucomelas,Procellariiformes,Procellariidae,Calonectris,Streaked Shearwater,Surface.Seizing,Fish,Yes,Yes,No,No,No,No,Yes,580,No,No,No
Stercorarius antarcticus,Charadriiformes,Stercorariidae,Stercorarius,Brown Skua,Aerial.Pursuit,Carrion.NonFishVertebrates,Yes,Yes,Yes,No,Yes,Yes,Yes,1650,Yes,No,No
Stercorarius chilensis,Charadriiformes,Stercorariidae,Stercorarius,Chilean Skua,Surface.Seizing,Fish,Yes,Yes,Yes,Yes,Yes,Yes,Yes,1368.5,Yes,Yes,No
Stercorarius maccormicki,Charadriiformes,Stercorariidae,Stercorarius,South Polar Skua,Surface.Seizing,Fish,Yes,No,Yes,No,Yes,Yes,Yes,1349,No,Yes,No
Stercorarius skua,Charadriiformes,Stercorariidae,Stercorarius,Great Skua,Surface.Seizing,Carrion.NonFishVertebrates,Yes,No,No,No,Yes,Yes,Yes,1340,Yes,Yes,No
Cepphus carbo,Charadriiformes,Alcidae,Cepphus,Spectacled Guillemot,Bottom.Feeding,Fish,Yes,Yes,Yes,Yes,No,No,Yes,490,No,No,No
Cepphus columba,Charadriiformes,Alcidae,Cepphus,Pigeon Guillemot,Bottom.Feeding,Fish,Yes,Yes,Yes,Yes,No,No,Yes,530,No,No,No
Cepphus grylle,Charadriiformes,Alcidae,Cepphus,Black Guillemot,Bottom.Feeding,Fish,Yes,Yes,Yes,Yes,No,No,Yes,452.5,No,No,No
Cerorhinca monocerata,Charadriiformes,Alcidae,Cerorhinca,Rhinoceros Auklet,Diving,Fish,Yes,Yes,Yes,Yes,No,No,Yes,483,No,No,No
Chlidonias albostriatus,Charadriiformes,Laridae,Chlidonias,Black-fronted Tern,Surface.Seizing,Fish,Yes,No,Yes,Yes,Yes,No,No,92,No,No,No
Chlidonias hybrida,Charadriiformes,Laridae,Chlidonias,Whiskered Tern,Surface.Seizing,Other.Inverts,Yes,No,No,Yes,Yes,Yes,No,83.9,No,No,Yes
Chlidonias leucopterus,Charadriiformes,Laridae,Chlidonias,White-winged Tern,Surface.Seizing,Other.Inverts,Yes,No,No,Yes,No,No,No,54.2,No,No,No
Chlidonias niger,Charadriiformes,Laridae,Chlidonias,Black Tern,Surface.Seizing,Other.Inverts,Yes,No,No,Yes,Yes,No,No,65.3,No,No,No
Clangula hyemalis,Anseriformes,Anatidae,Clangula,Long-tailed Duck,Bottom.Feeding,Crustaceans,Yes,No,Yes,Yes,No,No,No,873,No,No,No
Creagrus furcatus,Charadriiformes,Laridae,Creagrus,Swallow-tailed Gull,Surface.Seizing,Cephalopods,Yes,Yes,Yes,No,Yes,No,Yes,687,No,No,No
Daption capense,Procellariiformes,Procellariidae,Daption,Pintado Petrel,Surface.Seizing,Crustaceans,Yes,Yes,Yes,Yes,Yes,Yes,Yes,424.5,Yes,No,No
Diomedea amsterdamensis,Procellariiformes,Diomedeidae,Diomedea,Amsterdam Albatross,Surface.Seizing,Fish,Yes,Yes,Yes,No,No,No,Yes,6270,No,No,No
Diomedea antipodensis,Procellariiformes,Diomedeidae,Diomedea,Antipodean Albatross,Surface.Seizing,Cephalopods,Yes,Yes,Yes,No,No,No,Yes,6650,No,No,No
Diomedea dabbenena,Procellariiformes,Diomedeidae,Diomedea,Tristan Albatross,Surface.Seizing,Cephalopods,Yes,Yes,Yes,No,No,Yes,Yes,7000,Yes,No,No
Diomedea epomophora,Procellariiformes,Diomedeidae,Diomedea,Southern Royal Albatross,Surface.Seizing,Cephalopods,Yes,Yes,Yes,Yes,No,Yes,Yes,9000,Yes,No,No
Diomedea exulans,Procellariiformes,Diomedeidae,Diomedea,Snowy Albatross,Surface.Seizing,Cephalopods,Yes,Yes,Yes,No,No,Yes,Yes,6300,Yes,No,No
Diomedea sanfordi,Procellariiformes,Diomedeidae,Diomedea,Northern Royal Albatross,Surface.Seizing,Cephalopods,Yes,Yes,No,No,No,Yes,Yes,6500,Yes,No,No
Eudyptes chrysocome,Sphenisciformes,Spheniscidae,Eudyptes,Southern Rockhopper Penguin,Diving,Crustaceans,Yes,Yes,Yes,No,No,No,Yes,2330,No,No,No
Eudyptes chrysolophus,Sphenisciformes,Spheniscidae,Eudyptes,Macaroni Penguin,Diving,Crustaceans,Yes,Yes,Yes,No,No,No,Yes,4490,No,No,No
Eudyptes moseleyi,Sphenisciformes,Spheniscidae,Eudyptes,Moseley's Rockhopper Penguin,Diving,Crustaceans,Yes,Yes,Yes,No,No,No,Yes,2330,No,No,No
Eudyptes pachyrhynchus,Sphenisciformes,Spheniscidae,Eudyptes,Fiordland Penguin,Diving,Cephalopods,Yes,Yes,Yes,No,No,No,Yes,3910,No,No,No
Eudyptes robustus,Sphenisciformes,Spheniscidae,Eudyptes,Snares Penguin,Diving,Crustaceans,No,Yes,Yes,No,No,No,Yes,3050,No,No,No
Eudyptes schlegeli,Sphenisciformes,Spheniscidae,Eudyptes,Royal Penguin,Diving,Crustaceans,Yes,Yes,Yes,No,No,No,Yes,4250,No,No,No
Eudyptes sclateri,Sphenisciformes,Spheniscidae,Eudyptes,Erect-crested Penguin,Diving,Cephalopods,No,Yes,Yes,No,No,No,Yes,5908,No,No,No
Eudyptula minor,Sphenisciformes,Spheniscidae,Eudyptula,Little Penguin,Diving,Fish,Yes,Yes,Yes,No,No,No,Yes,1120.5,No,No,No
Fratercula arctica,Charadriiformes,Alcidae,Fratercula,Atlantic Puffin,Diving,Fish,Yes,Yes,Yes,Yes,No,No,Yes,923,No,No,No
Fratercula cirrhata,Charadriiformes,Alcidae,Fratercula,Tufted Puffin,Diving,Fish,Yes,Yes,Yes,No,No,No,Yes,775,No,No,No
Fratercula corniculata,Charadriiformes,Alcidae,Fratercula,Horned Puffin,Diving,Fish,Yes,Yes,Yes,Yes,No,No,Yes,536.5,No,No,No
Fregata andrewsi,Suliformes,Fregatidae,Fregata,Christmas Island Frigatebird,Surface.Seizing,Fish,Yes,Yes,No,Yes,Yes,No,Yes,1475,No,No,No
Fregata aquila,Suliformes,Fregatidae,Fregata,Ascension Frigatebird,Surface.Seizing,Fish,Yes,No,No,No,Yes,No,Yes,1620,No,No,No
Fregata ariel,Suliformes,Fregatidae,Fregata,Lesser Frigatebird,Surface.Seizing,Fish,Yes,Yes,No,No,Yes,No,Yes,806,No,No,No
Fregata magnificens,Suliformes,Fregatidae,Fregata,Magnificent Frigatebird,Aerial.Pursuit,Fish,Yes,Yes,No,Yes,Yes,Yes,Yes,1499.25,Yes,No,No
Fregata minor,Suliformes,Fregatidae,Fregata,Great Frigatebird,Surface.Seizing,Fish,Yes,Yes,No,No,Yes,No,Yes,1263,No,No,No
Fregetta grallaria,Procellariiformes,Oceanitidae,Fregetta,White-bellied Storm-Petrel,Surface.Seizing,Fish,Yes,Yes,Yes,Yes,No,No,Yes,52,No,No,No
Fregetta lineata,Procellariiformes,Oceanitidae,Fregetta,New Caledonian Storm-Petrel,Surface.Seizing,Fish,Yes,No,No,No,No,No,Yes,NA,No,No,No
Fregetta maoriana,Procellariiformes,Oceanitidae,Fregetta,New Zealand Storm-Petrel,Surface.Seizing,Crustaceans,No,No,Yes,No,No,No,Yes,35,No,No,No
Fregetta tropica,Procellariiformes,Oceanitidae,Fregetta,Black-bellied Storm-Petrel,Surface.Seizing,Crustaceans,Yes,Yes,Yes,Yes,Yes,No,Yes,52,No,No,No
Fulmarus glacialis,Procellariiformes,Procellariidae,Fulmarus,Northern Fulmar,Surface.Seizing,Fish,Yes,Yes,Yes,Yes,Yes,Yes,Yes,613,Yes,No,No
Fulmarus glacialoides,Procellariiformes,Procellariidae,Fulmarus,Southern Fulmar,Surface.Seizing,Crustaceans,Yes,Yes,Yes,Yes,Yes,Yes,Yes,795,Yes,No,No
Garrodia nereis,Procellariiformes,Oceanitidae,Garrodia,Gray-backed Storm-Petrel,Surface.Seizing,Crustaceans,No,Yes,Yes,Yes,No,Yes,Yes,38.2,Yes,No,No
Gavia adamsii,Gaviiformes,Gaviidae,Gavia,Yellow-billed Loon,Diving,Fish,Yes,No,Yes,Yes,No,No,No,5056.25,No,No,No
Gavia arctica,Gaviiformes,Gaviidae,Gavia,Arctic Loon,Diving,Fish,Yes,No,Yes,Yes,No,No,No,3079.5,No,No,No
Gavia immer,Gaviiformes,Gaviidae,Gavia,Common Loon,Diving,Fish,Yes,No,Yes,Yes,Yes,No,No,4980,No,No,No
Gavia pacifica,Gaviiformes,Gaviidae,Gavia,Pacific Loon,Diving,Fish,Yes,No,Yes,Yes,Yes,No,No,1668.5,No,No,No
Gavia stellata,Gaviiformes,Gaviidae,Gavia,Red-throated Loon,Diving,Fish,Yes,No,Yes,Yes,Yes,No,No,1486,No,No,No
Gelochelidon macrotarsa,Charadriiformes,Laridae,Gelochelidon,Australian Tern,Surface.Seizing,Other.Inverts,Yes,No,Yes,Yes,No,No,No,NA,No,No,No
Gelochelidon nilotica,Charadriiformes,Laridae,Gelochelidon,Gull-billed Tern,Surface.Seizing,Other.Inverts,Yes,No,Yes,Yes,Yes,No,No,180,No,No,No
Gulosus aristotelis,Suliformes,Phalacrocoracidae,Gulosus,European Shag,Diving,Fish,Yes,No,No,No,No,No,Yes,1773,No,No,No
Gygis alba,Charadriiformes,Laridae,Gygis,White Tern,Surface.Seizing,Fish,Yes,Yes,Yes,Yes,No,No,Yes,111,No,No,No
Halobaena caerulea,Procellariiformes,Procellariidae,Halobaena,Blue Petrel,Surface.Seizing,Crustaceans,Yes,Yes,Yes,Yes,No,No,Yes,202,No,No,No
Histrionicus histrionicus,Anseriformes,Anatidae,Histrionicus,Harlequin Duck,Diving,Other.Inverts,No,No,Yes,Yes,No,No,No,563.5,No,No,No
Hydrobates castro,Procellariiformes,Hydrobatidae,Hydrobates,Band-rumped Storm-Petrel,Surface.Seizing,Crustaceans,Yes,Yes,Yes,No,No,Yes,Yes,45.3,No,Yes,No
Hydrobates cheimomnestes,Procellariiformes,Hydrobatidae,Hydrobates,Ainley's Storm-Petrel,Unknown,NA,NA,NA,NA,NA,NA,NA,Yes,36.925,NA,NA,NA
Hydrobates furcatus,Procellariiformes,Hydrobatidae,Hydrobates,Fork-tailed Storm-Petrel,Surface.Seizing,Fish,Yes,No,Yes,No,Yes,Yes,Yes,54.4,Yes,No,No
Hydrobates homochroa,Procellariiformes,Hydrobatidae,Hydrobates,Ashy Storm-Petrel,Surface.Seizing,Crustaceans,Yes,Yes,Yes,No,No,No,Yes,36.9,No,No,No
Hydrobates hornbyi,Procellariiformes,Hydrobatidae,Hydrobates,Ringed Storm-Petrel,Surface.Seizing,Fish,Yes,NA,NA,NA,NA,No,Yes,40.6,No,No,No
Hydrobates jabejabe,Procellariiformes,Hydrobatidae,Hydrobates,Cape Verde Storm-Petrel,Unknown,NA,NA,NA,NA,NA,NA,NA,Yes,46.65,NA,NA,NA
Hydrobates leucorhous,Procellariiformes,Hydrobatidae,Hydrobates,Leach's Storm-Petrel,Surface.Seizing,Cephalopods,Yes,Yes,Yes,Yes,No,Yes,Yes,34.8,Yes,No,No
Hydrobates markhami,Procellariiformes,Hydrobatidae,Hydrobates,Markham's Storm-Petrel,Surface.Seizing,Fish,Yes,Yes,Yes,Yes,No,No,Yes,53.1,No,No,No
Hydrobates matsudairae,Procellariiformes,Hydrobatidae,Hydrobates,Matsudaira's Storm-Petrel,Surface.Seizing,NA,NA,NA,NA,NA,NA,Yes,Yes,62,No,Yes,No
Hydrobates melania,Procellariiformes,Hydrobatidae,Hydrobates,Black Storm-Petrel,Surface.Seizing,Crustaceans,Yes,Yes,Yes,No,No,Yes,Yes,61.5,Yes,No,No
Hydrobates microsoma,Procellariiformes,Hydrobatidae,Hydrobates,Least Storm-Petrel,Surface.Seizing,Crustaceans,No,No,Yes,No,No,No,Yes,20.5,No,No,No
Hydrobates monorhis,Procellariiformes,Hydrobatidae,Hydrobates,Swinhoe's Storm-Petrel,Surface.Seizing,NA,NA,NA,NA,NA,NA,NA,Yes,39.8,NA,NA,NA
Hydrobates monteiroi,Procellariiformes,Hydrobatidae,Hydrobates,Monteiro's Storm-Petrel,Surface.Seizing,Fish,Yes,Yes,No,No,No,No,Yes,45.3,No,No,No
Hydrobates pelagicus,Procellariiformes,Hydrobatidae,Hydrobates,European Storm-Petrel,Surface.Seizing,Fish,Yes,Yes,Yes,Yes,No,Yes,Yes,25.2,Yes,No,No
Hydrobates socorroensis,Procellariiformes,Hydrobatidae,Hydrobates,Townsend's Storm-Petrel,Unknown,NA,NA,NA,NA,NA,NA,NA,Yes,31.7,NA,NA,NA
Hydrobates tethys,Procellariiformes,Hydrobatidae,Hydrobates,Wedge-rumped Storm-Petrel,Surface.Seizing,Fish,Yes,Yes,Yes,Yes,No,No,Yes,22.6,No,No,No
Hydrobates tristrami,Procellariiformes,Hydrobatidae,Hydrobates,Tristram's Storm-Petrel,Surface.Seizing,Fish,Yes,Yes,Yes,Yes,No,No,Yes,92,No,No,No
Hydrocoloeus minutus,Charadriiformes,Laridae,Hydrocoloeus,Little Gull,Surface.Seizing,Other.Inverts,Yes,No,No,Yes,No,No,No,118,No,No,No
Hydroprogne caspia,Charadriiformes,Laridae,Hydroprogne,Caspian Tern,Plunging,Fish,Yes,No,No,No,Yes,No,No,655,No,No,No
Larosterna inca,Charadriiformes,Laridae,Larosterna,Inca Tern,Plunging,Fish,Yes,No,Yes,No,No,Yes,Yes,219,Yes,No,No
Larus argentatus,Charadriiformes,Laridae,Larus,European Herring Gull,Surface.Seizing,Fish,Yes,No,Yes,Yes,Yes,Yes,No,1110,Yes,Yes,No
Larus armenicus,Charadriiformes,Laridae,Larus,Armenian Gull,Surface.Seizing,Fish,Yes,No,No,Yes,Yes,Yes,No,867,No,No,Yes
Larus atlanticus,Charadriiformes,Laridae,Larus,Olrog's Gull,Surface.Seizing,Crustaceans,Yes,No,Yes,Yes,No,Yes,Yes,846.5,Yes,No,No
Leucophaeus atricilla,Charadriiformes,Laridae,Leucophaeus,Laughing Gull,Surface.Seizing,Other.Inverts,Yes,No,Yes,Yes,Yes,Yes,Yes,308,Yes,Yes,No
Ichthyaetus audouinii,Charadriiformes,Laridae,Ichthyaetus,Audouin's Gull,Surface.Seizing,Fish,Yes,No,Yes,Yes,Yes,Yes,Yes,675,Yes,Yes,No
Larus belcheri,Charadriiformes,Laridae,Larus,Belcher's Gull,Surface.Seizing,Fish,Yes,No,Yes,Yes,Yes,No,Yes,643,No,No,No
Chroicocephalus brunnicephalus,Charadriiformes,Laridae,Chroicocephalus,Brown-headed Gull,Surface.Seizing,Fish,Yes,No,Yes,Yes,Yes,Yes,No,572.5,Yes,No,No
Chroicocephalus bulleri,Charadriiformes,Laridae,Chroicocephalus,Black-billed Gull,Surface.Seizing,Other.Inverts,Yes,No,No,Yes,No,Yes,No,230.5,No,No,Yes
Larus cachinnans,Charadriiformes,Laridae,Larus,Caspian Gull,Surface.Seizing,Fish,Yes,No,No,Yes,Yes,Yes,No,1090,Yes,No,No
Larus californicus,Charadriiformes,Laridae,Larus,California Gull,Surface.Seizing,Other.Inverts,Yes,No,Yes,Yes,Yes,Yes,No,606.5,Yes,Yes,No
Larus canus,Charadriiformes,Laridae,Larus,Common Gull,Surface.Seizing,Fish,Yes,No,Yes,Yes,Yes,Yes,Yes,403.5,Yes,Yes,No
Chroicocephalus cirrocephalus,Charadriiformes,Laridae,Chroicocephalus,Gray-hooded Gull,Plunging,Fish,Yes,No,No,Yes,Yes,Yes,No,460,Yes,Yes,No
Larus crassirostris,Charadriiformes,Laridae,Larus,Black-tailed Gull,Surface.Seizing,Fish,Yes,No,Yes,Yes,No,Yes,Yes,504.5,Yes,Yes,No
Larus delawarensis,Charadriiformes,Laridae,Larus,Ring-billed Gull,Plunging,Fish,Yes,No,Yes,Yes,Yes,Yes,No,518.5,Yes,Yes,Yes
Larus dominicanus,Charadriiformes,Laridae,Larus,Kelp Gull,Scavenging,Other.Inverts,Yes,Yes,Yes,Yes,Yes,Yes,Yes,957,Yes,Yes,No
Leucophaeus fuliginosus,Charadriiformes,Laridae,Leucophaeus,Lava Gull,Scavenging,Carrion.NonFishVertebrates,Yes,No,Yes,Yes,Yes,Yes,Yes,380,Yes,No,No
Larus fuscus,Charadriiformes,Laridae,Larus,Lesser Black-backed Gull,Surface.Seizing,Fish,Yes,No,Yes,Yes,Yes,Yes,No,715,Yes,Yes,No
Chroicocephalus genei,Charadriiformes,Laridae,Chroicocephalus,Slender-billed Gull,Surface.Seizing,Crustaceans,Yes,Yes,Yes,Yes,No,No,No,281,No,No,No
Larus glaucescens,Charadriiformes,Laridae,Larus,Glaucous-winged Gull,Plunging,Fish,Yes,No,No,Yes,Yes,Yes,Yes,1063,Yes,Yes,No
Larus glaucoides,Charadriiformes,Laridae,Larus,Iceland Gull,Surface.Seizing,Fish,Yes,No,Yes,Yes,Yes,Yes,Yes,863,Yes,Yes,No
Chroicocephalus hartlaubii,Charadriiformes,Laridae,Chroicocephalus,Hartlaub's Gull,Plunging,Other.Inverts,Yes,No,Yes,Yes,Yes,Yes,Yes,292,Yes,No,No
Larus heermanni,Charadriiformes,Laridae,Larus,Heermann's Gull,Plunging,Fish,Yes,No,No,Yes,Yes,No,Yes,500,No,No,No
Ichthyaetus hemprichii,Charadriiformes,Laridae,Ichthyaetus,Sooty Gull,Scavenging,Fish,Yes,No,No,No,Yes,Yes,Yes,455,Yes,No,No
Larus hyperboreus,Charadriiformes,Laridae,Larus,Glaucous Gull,Scavenging,Fish,Yes,No,Yes,Yes,Yes,Yes,Yes,1412.5,Yes,Yes,No
Ichthyaetus ichthyaetus,Charadriiformes,Laridae,Ichthyaetus,Pallas's Gull,Scavenging,Fish,Yes,No,Yes,Yes,Yes,Yes,No,1394,Yes,No,No
Ichthyaetus leucophthalmus,Charadriiformes,Laridae,Ichthyaetus,White-eyed Gull,Plunging,Fish,Yes,No,Yes,Yes,No,Yes,Yes,330,Yes,Yes,No
Larus livens,Charadriiformes,Laridae,Larus,Yellow-footed Gull,Scavenging,Carrion.NonFishVertebrates,Yes,No,Yes,Yes,Yes,Yes,Yes,1322,Yes,No,No
Chroicocephalus maculipennis,Charadriiformes,Laridae,Chroicocephalus,Brown-hooded Gull,Surface.Seizing,Other.Inverts,Yes,No,No,Yes,Yes,Yes,No,339,Yes,Yes,No
Larus marinus,Charadriiformes,Laridae,Larus,Great Black-backed Gull,Aerial.Pursuit,Carrion.NonFishVertebrates,Yes,No,No,Yes,Yes,Yes,Yes,1658.5,Yes,Yes,No
Ichthyaetus melanocephalus,Charadriiformes,Laridae,Ichthyaetus,Mediterranean Gull,Surface.Seizing,Other.Inverts,Yes,No,Yes,Yes,Yes,Yes,No,282.5,No,No,Yes
Larus michahellis,Charadriiformes,Laridae,Larus,Yellow-legged Gull,Plunging,Fish,Yes,No,No,Yes,Yes,Yes,No,1000,Yes,No,No
Leucophaeus modestus,Charadriiformes,Laridae,Leucophaeus,Gray Gull,Plunging,Crustaceans,Yes,No,Yes,Yes,No,Yes,No,344,Yes,No,No
Chroicocephalus novaehollandiae,Charadriiformes,Laridae,Chroicocephalus,Silver Gull,Surface.Seizing,Crustaceans,Yes,Yes,Yes,Yes,Yes,Yes,No,288.5,Yes,Yes,No
Larus occidentalis,Charadriiformes,Laridae,Larus,Western Gull,Surface.Seizing,Fish,Yes,No,Yes,Yes,Yes,No,Yes,931.5,No,No,No
Larus pacificus,Charadriiformes,Laridae,Larus,Pacific Gull,Scavenging,Fish,Yes,Yes,No,Yes,Yes,Yes,Yes,1313.5,Yes,No,No
Chroicocephalus philadelphia,Charadriiformes,Laridae,Chroicocephalus,Bonaparte's Gull,Surface.Seizing,Fish,Yes,No,No,Yes,Yes,No,No,211,No,No,No
Leucophaeus pipixcan,Charadriiformes,Laridae,Leucophaeus,Franklin's Gull,Surface.Seizing,Other.Inverts,Yes,No,Yes,Yes,Yes,Yes,No,280,Yes,Yes,No
Ichthyaetus relictus,Charadriiformes,Laridae,Ichthyaetus,Relict Gull,Surface.Seizing,Other.Inverts,Yes,No,Yes,Yes,Yes,No,No,491,No,No,No
Chroicocephalus ridibundus,Charadriiformes,Laridae,Chroicocephalus,Black-headed Gull,Surface.Seizing,Crustaceans,Yes,No,Yes,Yes,Yes,Yes,No,260,No,Yes,No
Larus schistisagus,Charadriiformes,Laridae,Larus,Slaty-backed Gull,Plunging,Fish,Yes,No,Yes,Yes,Yes,Yes,Yes,1323,Yes,No,No
Leucophaeus scoresbii,Charadriiformes,Laridae,Leucophaeus,Dolphin Gull,Scavenging,Carrion.NonFishVertebrates,Yes,No,Yes,Yes,Yes,Yes,No,524.25,Yes,No,No
Chroicocephalus serranus,Charadriiformes,Laridae,Chroicocephalus,Andean Gull,Surface.Seizing,Other.Inverts,Yes,No,No,Yes,Yes,Yes,No,478,Yes,No,No
Larus smithsonianus,Charadriiformes,Laridae,Larus,American Herring Gull,Surface.Seizing,Fish,Yes,No,Yes,Yes,Yes,Yes,No,1085,Yes,Yes,No
Leucocarbo atriceps,Suliformes,Phalacrocoracidae,Leucocarbo,Imperial Cormorant,Diving,Fish,Yes,Yes,Yes,Yes,No,No,Yes,2491,No,No,No
Leucocarbo bougainvilliorum,Suliformes,Phalacrocoracidae,Leucocarbo,Guanay Cormorant,Diving,Fish,Yes,No,No,No,No,No,No,NA,No,No,No
Leucocarbo campbelli,Suliformes,Phalacrocoracidae,Leucocarbo,Campbell Islands Shag,Diving,Fish,Yes,No,No,Yes,No,No,Yes,1900,No,No,No
Leucocarbo carunculatus,Suliformes,Phalacrocoracidae,Leucocarbo,New Zealand King Shag,Diving,Fish,Yes,No,Yes,No,No,No,Yes,2577.5,No,No,No
Leucocarbo chalconotus,Suliformes,Phalacrocoracidae,Leucocarbo,Stewart Island Shag,Diving,Fish,Yes,Yes,Yes,Yes,No,No,Yes,2265.5,No,No,No
Leucocarbo colensoi,Suliformes,Phalacrocoracidae,Leucocarbo,Auckland Islands Shag,Diving,Cephalopods,Yes,Yes,Yes,No,No,No,Yes,2000,No,No,No
Leucocarbo magellanicus,Suliformes,Phalacrocoracidae,Leucocarbo,Magellanic Cormorant,Diving,Other.Inverts,Yes,Yes,Yes,Yes,No,No,Yes,1485,No,No,No
Leucocarbo onslowi,Suliformes,Phalacrocoracidae,Leucocarbo,Chatham Islands Shag,Diving,Fish,Yes,No,No,No,No,No,Yes,2095,No,No,No
Leucocarbo ranfurlyi,Suliformes,Phalacrocoracidae,Leucocarbo,Bounty Islands Shag,Diving,Fish,Yes,Yes,Yes,Yes,No,No,Yes,2500,No,No,No
Leucocarbo verrucosus,Suliformes,Phalacrocoracidae,Leucocarbo,Kerguelen Shag,Diving,Fish,Yes,No,No,Yes,No,Yes,Yes,2630,Yes,Yes,No
Lophodytes cucullatus,Anseriformes,Anatidae,Lophodytes,Hooded Merganser,Diving,Fish,Yes,No,Yes,Yes,No,No,No,NA,No,No,No
Macronectes giganteus,Procellariiformes,Procellariidae,Macronectes,Southern Giant-Petrel,Scavenging,Carrion.NonFishVertebrates,Yes,Yes,Yes,No,Yes,Yes,Yes,3697.5,Yes,No,No
Macronectes halli,Procellariiformes,Procellariidae,Macronectes,Northern Giant-Petrel,Scavenging,Carrion.NonFishVertebrates,No,Yes,Yes,No,Yes,No,Yes,4249,No,No,No
Megadyptes antipodes,Sphenisciformes,Spheniscidae,Megadyptes,Yellow-eyed Penguin,Diving,Fish,Yes,Yes,Yes,No,No,No,Yes,5330,No,No,No
Melanitta americana,Anseriformes,Anatidae,Melanitta,Black Scoter,Bottom.Feeding,Other.Inverts,No,No,Yes,Yes,No,No,No,1052,No,No,No
Melanitta deglandi,Anseriformes,Anatidae,Melanitta,White-winged Scoter,Bottom.Feeding,Other.Inverts,Yes,No,Yes,Yes,No,No,No,1757,No,No,No
Melanitta fusca,Anseriformes,Anatidae,Melanitta,Velvet Scoter,Bottom.Feeding,Crustaceans,Yes,No,Yes,Yes,No,No,No,1578,No,No,No
Melanitta nigra,Anseriformes,Anatidae,Melanitta,Common Scoter,Bottom.Feeding,Other.Inverts,No,No,Yes,Yes,No,No,No,1077,No,No,No
Melanitta perspicillata,Anseriformes,Anatidae,Melanitta,Surf Scoter,Bottom.Feeding,Other.Inverts,Yes,No,Yes,Yes,No,No,No,1097.5,No,No,No
Melanitta stejnegeri,Anseriformes,Anatidae,Melanitta,Stejneger's Scoter,Bottom.Feeding,Other.Inverts,No,No,Yes,Yes,No,No,No,1824,No,No,No
Mergellus albellus,Anseriformes,Anatidae,Mergellus,Smew,Diving,Other.Inverts,Yes,No,Yes,Yes,No,No,No,NA,No,No,No
Mergus merganser,Anseriformes,Anatidae,Mergus,Common Merganser,Diving,Fish,Yes,No,Yes,Yes,No,Yes,No,NA,Yes,No,No
Mergus octosetaceus,Anseriformes,Anatidae,Mergus,Brazilian Merganser,Diving,Fish,Yes,No,Yes,Yes,No,No,No,NA,No,No,No
Mergus serrator,Anseriformes,Anatidae,Mergus,Red-breasted Merganser,Diving,Fish,Yes,No,Yes,Yes,No,No,No,NA,No,No,No
Mergus squamatus,Anseriformes,Anatidae,Mergus,Scaly-sided Merganser,Diving,Fish,Yes,No,Yes,Yes,No,No,No,NA,No,No,No
Microcarbo africanus,Suliformes,Phalacrocoracidae,Microcarbo,Reed Cormorant,Diving,Fish,Yes,No,Yes,No,Yes,No,No,545,No,No,No
Microcarbo coronatus,Suliformes,Phalacrocoracidae,Microcarbo,Crowned Cormorant,Diving,Fish,Yes,Yes,Yes,Yes,No,No,No,763,No,No,No
Microcarbo melanoleucos,Suliformes,Phalacrocoracidae,Microcarbo,Little Pied Cormorant,Diving,Fish,Yes,No,Yes,Yes,Yes,No,No,693.5,No,No,No
Microcarbo niger,Suliformes,Phalacrocoracidae,Microcarbo,Little Cormorant,Diving,Fish,Yes,No,No,No,Yes,No,No,427,No,No,No
Microcarbo pygmaeus,Suliformes,Phalacrocoracidae,Microcarbo,Pygmy Cormorant,Diving,Fish,Yes,No,No,No,No,No,No,679,No,No,No
Morus bassanus,Suliformes,Sulidae,Morus,Northern Gannet,Plunging,Fish,Yes,No,No,No,No,Yes,Yes,2999.5,Yes,No,No
Morus capensis,Suliformes,Sulidae,Morus,Cape Gannet,Plunging,Fish,Yes,No,No,No,No,Yes,Yes,2643.5,Yes,No,No
Morus serrator,Suliformes,Sulidae,Morus,Australasian Gannet,Plunging,Fish,Yes,Yes,No,No,No,Yes,Yes,2350,Yes,No,No
Nannopterum auritum,Suliformes,Phalacrocoracidae,Nannopterum,Double-crested Cormorant,Diving,Fish,Yes,No,Yes,Yes,No,No,No,1674,No,No,No
Nannopterum brasilianum,Suliformes,Phalacrocoracidae,Nannopterum,Neotropic Cormorant,Diving,Fish,Yes,No,Yes,Yes,Yes,No,No,1210,No,No,No
Nannopterum harrisi,Suliformes,Phalacrocoracidae,Nannopterum,Flightless Cormorant,Diving,Fish,Yes,Yes,No,No,No,No,Yes,3050,No,No,No
Nesofregetta fuliginosa,Procellariiformes,Oceanitidae,Nesofregetta,Polynesian Storm-Petrel,Surface.Seizing,Crustaceans,Yes,Yes,Yes,Yes,No,No,Yes,70,No,No,No
Oceanites gracilis,Procellariiformes,Oceanitidae,Oceanites,Elliot's Storm-Petrel,Surface.Seizing,Fish,Yes,No,Yes,No,No,Yes,Yes,16.7,Yes,No,No
Oceanites oceanicus,Procellariiformes,Oceanitidae,Oceanites,Wilson's Storm-Petrel,Surface.Seizing,Crustaceans,Yes,Yes,Yes,Yes,Yes,Yes,Yes,32,Yes,No,No
Oceanites pincoyae,Procellariiformes,Oceanitidae,Oceanites,Pincoya Storm-Petrel,Surface.Seizing,NA,NA,NA,NA,NA,NA,Yes,Yes,26,No,No,No
Onychoprion aleuticus,Charadriiformes,Laridae,Onychoprion,Aleutian Tern,Surface.Seizing,Fish,Yes,No,No,No,No,No,Yes,120,No,No,No
Onychoprion anaethetus,Charadriiformes,Laridae,Onychoprion,Bridled Tern,Plunging,Fish,Yes,Yes,Yes,Yes,No,Yes,Yes,127,Yes,No,No
Onychoprion fuscatus,Charadriiformes,Laridae,Onychoprion,Sooty Tern,Surface.Seizing,Cephalopods,Yes,Yes,Yes,Yes,No,Yes,Yes,175,Yes,No,No
Onychoprion lunatus,Charadriiformes,Laridae,Onychoprion,Gray-backed Tern,Plunging,Fish,Yes,Yes,Yes,No,Yes,No,Yes,146,No,No,No
Pachyptila belcheri,Procellariiformes,Procellariidae,Pachyptila,Slender-billed Prion,Skimming,Crustaceans,Yes,Yes,Yes,Yes,No,No,Yes,145,No,No,No
Pachyptila crassirostris,Procellariiformes,Procellariidae,Pachyptila,Fulmar Prion,Skimming,Crustaceans,Yes,Yes,Yes,Yes,No,No,Yes,142,No,No,No
Pachyptila desolata,Procellariiformes,Procellariidae,Pachyptila,Antarctic Prion,Skimming,Crustaceans,Yes,Yes,Yes,No,No,No,Yes,147,No,No,No
Pachyptila macgillivrayi,Procellariiformes,Procellariidae,Pachyptila,MacGillivray's Prion,Skimming,NA,NA,NA,NA,NA,NA,NA,Yes,159,NA,NA,NA
Pachyptila salvini,Procellariiformes,Procellariidae,Pachyptila,Salvin's Prion,Skimming,Crustaceans,Yes,Yes,Yes,Yes,No,No,Yes,159,No,No,No
Pachyptila turtur,Procellariiformes,Procellariidae,Pachyptila,Fairy Prion,Skimming,Crustaceans,Yes,Yes,Yes,Yes,No,No,Yes,137,No,No,No
Pachyptila vittata,Procellariiformes,Procellariidae,Pachyptila,Broad-billed Prion,Skimming,Crustaceans,Yes,Yes,Yes,No,No,No,Yes,196,No,No,No
Pagodroma nivea,Procellariiformes,Procellariidae,Pagodroma,Snow Petrel,Surface.Seizing,Crustaceans,Yes,Yes,Yes,Yes,Yes,No,Yes,268,No,No,No
Pagophila eburnea,Charadriiformes,Laridae,Pagophila,Ivory Gull,Surface.Seizing,Fish,Yes,No,Yes,Yes,Yes,Yes,Yes,550,Yes,Yes,No
Papasula abbotti,Suliformes,Sulidae,Papasula,Abbott's Booby,Plunging,Fish,Yes,Yes,No,No,No,No,Yes,1551.5,No,No,No
Pelagodroma marina,Procellariiformes,Oceanitidae,Pelagodroma,White-faced Storm-Petrel,Surface.Seizing,Crustaceans,Yes,Yes,Yes,Yes,No,Yes,Yes,47.2,Yes,No,No
Pelecanoides garnotii,Procellariiformes,Procellariidae,Pelecanoides,Peruvian Diving-Petrel,Diving,Crustaceans,Yes,Yes,Yes,No,No,No,Yes,207,No,No,No
Pelecanoides georgicus,Procellariiformes,Procellariidae,Pelecanoides,South Georgia Diving-Petrel,Diving,Crustaceans,Yes,Yes,Yes,Yes,No,No,Yes,121,No,No,No
Pelecanoides magellani,Procellariiformes,Procellariidae,Pelecanoides,Magellanic Diving-Petrel,Diving,Crustaceans,Yes,No,Yes,No,No,No,Yes,134,No,No,No
Pelecanoides urinatrix,Procellariiformes,Procellariidae,Pelecanoides,Common Diving-Petrel,Diving,Crustaceans,No,Yes,Yes,Yes,No,No,Yes,141,No,No,No
Pelecanus conspicillatus,Pelecaniformes,Pelecanidae,Pelecanus,Australian Pelican,Plunging,Fish,Yes,No,Yes,Yes,Yes,No,No,5400,No,No,No
Pelecanus crispus,Pelecaniformes,Pelecanidae,Pelecanus,Dalmatian Pelican,Surface.Seizing,Fish,Yes,No,No,No,No,No,No,9550,No,No,No
Pelecanus erythrorhynchos,Pelecaniformes,Pelecanidae,Pelecanus,American White Pelican,Surface.Seizing,Fish,Yes,No,No,Yes,Yes,No,No,5649.5,No,No,No
Pelecanus occidentalis,Pelecaniformes,Pelecanidae,Pelecanus,Brown Pelican,Plunging,Fish,Yes,No,No,No,No,No,No,3438,No,No,No
Pelecanus onocrotalus,Pelecaniformes,Pelecanidae,Pelecanus,Great White Pelican,Surface.Seizing,Fish,Yes,No,No,No,No,No,No,9520,No,No,No
Pelecanus philippensis,Pelecaniformes,Pelecanidae,Pelecanus,Spot-billed Pelican,Surface.Seizing,Fish,Yes,No,No,No,No,No,No,5025,No,No,No
Pelecanus rufescens,Pelecaniformes,Pelecanidae,Pelecanus,Pink-backed Pelican,Surface.Seizing,Fish,Yes,No,No,No,No,No,No,5445,No,No,No
Pelecanus thagus,Pelecaniformes,Pelecanidae,Pelecanus,Peruvian Pelican,Surface.Seizing,Fish,Yes,No,No,No,No,No,No,6000,No,No,No
Phaethon aethereus,Phaethontiformes,Phaethontidae,Phaethon,Red-billed Tropicbird,Plunging,Fish,Yes,Yes,Yes,No,No,No,Yes,750,No,No,No
Phaethon lepturus,Phaethontiformes,Phaethontidae,Phaethon,White-tailed Tropicbird,Plunging,Fish,Yes,Yes,Yes,No,No,No,Yes,334,No,No,No
Phaethon rubricauda,Phaethontiformes,Phaethontidae,Phaethon,Red-tailed Tropicbird,Plunging,Fish,Yes,Yes,Yes,No,No,No,Yes,659,No,No,No
Phaetusa simplex,Charadriiformes,Laridae,Phaetusa,Large-billed Tern,Surface.Seizing,Fish,Yes,No,No,Yes,No,No,No,235,No,No,No
Phalacrocorax capensis,Suliformes,Phalacrocoracidae,Phalacrocorax,Cape Cormorant,Diving,Fish,Yes,Yes,Yes,No,No,No,Yes,1217,No,No,No
Phalacrocorax capillatus,Suliformes,Phalacrocoracidae,Phalacrocorax,Japanese Cormorant,Diving,Fish,Yes,No,No,No,No,No,Yes,2820,No,No,No
Phalacrocorax carbo,Suliformes,Phalacrocoracidae,Phalacrocorax,Great Cormorant,Diving,Fish,Yes,Yes,Yes,No,Yes,No,No,2302.414185,No,No,No
Phalacrocorax featherstoni,Suliformes,Phalacrocoracidae,Phalacrocorax,Pitt Island Shag,Diving,Fish,Yes,No,Yes,No,No,No,Yes,1043.5,No,No,No
Phalacrocorax fuscescens,Suliformes,Phalacrocoracidae,Phalacrocorax,Black-faced Cormorant,Diving,Fish,Yes,Yes,No,No,No,No,Yes,1515,No,No,No
Phalacrocorax fuscicollis,Suliformes,Phalacrocoracidae,Phalacrocorax,Indian Cormorant,Diving,Fish,Yes,No,No,No,No,No,No,706,No,No,No
Phalacrocorax neglectus,Suliformes,Phalacrocoracidae,Phalacrocorax,Bank Cormorant,Diving,Fish,Yes,Yes,Yes,No,No,No,Yes,1950.5,No,No,No
Phalacrocorax nigrogularis,Suliformes,Phalacrocoracidae,Phalacrocorax,Socotra Cormorant,Diving,Fish,Yes,No,No,No,No,No,Yes,NA,No,No,No
Phalacrocorax punctatus,Suliformes,Phalacrocoracidae,Phalacrocorax,Spotted Shag,Diving,Fish,Yes,No,Yes,Yes,No,No,Yes,1185,No,No,No
Phalacrocorax sulcirostris,Suliformes,Phalacrocoracidae,Phalacrocorax,Little Black Cormorant,Diving,Fish,Yes,No,Yes,Yes,No,No,No,1000,No,No,No
Phalacrocorax varius,Suliformes,Phalacrocoracidae,Phalacrocorax,Pied Cormorant,Diving,Fish,Yes,Yes,Yes,No,No,No,No,1955.5,No,No,No
Phalaropus fulicarius,Charadriiformes,Scolopacidae,Phalaropus,Red Phalarope,Surface.Seizing,Other.Inverts,No,No,Yes,Yes,No,No,Yes,55.95,No,No,No
Phalaropus lobatus,Charadriiformes,Scolopacidae,Phalaropus,Red-necked Phalarope,Surface.Seizing,Other.Inverts,No,No,Yes,Yes,No,No,No,36.75,No,No,No
Phoebastria albatrus,Procellariiformes,Diomedeidae,Phoebastria,Short-tailed Albatross,Surface.Seizing,Cephalopods,Yes,Yes,No,No,No,Yes,Yes,4411,Yes,No,No
Phoebastria immutabilis,Procellariiformes,Diomedeidae,Phoebastria,Laysan Albatross,Surface.Seizing,Cephalopods,Yes,Yes,Yes,No,Yes,No,Yes,3150,No,No,No
Phoebastria irrorata,Procellariiformes,Diomedeidae,Phoebastria,Waved Albatross,Surface.Seizing,Cephalopods,Yes,Yes,Yes,No,No,No,Yes,3395,No,No,No
Phoebastria nigripes,Procellariiformes,Diomedeidae,Phoebastria,Black-footed Albatross,Surface.Seizing,Fish,Yes,Yes,Yes,Yes,Yes,Yes,Yes,3195,Yes,No,No
Phoebetria fusca,Procellariiformes,Diomedeidae,Phoebetria,Sooty Albatross,Surface.Seizing,Cephalopods,Yes,Yes,Yes,No,Yes,Yes,Yes,2500,Yes,No,No
Phoebetria palpebrata,Procellariiformes,Diomedeidae,Phoebetria,Light-mantled Albatross,Surface.Seizing,Cephalopods,Yes,Yes,Yes,No,Yes,Yes,Yes,2950,Yes,No,No
Poikilocarbo gaimardi,Suliformes,Phalacrocoracidae,Poikilocarbo,Red-legged Cormorant,Diving,Fish,Yes,No,No,No,No,No,Yes,1358.5,No,No,No
Polysticta stelleri,Anseriformes,Anatidae,Polysticta,Steller's Eider,Bottom.Feeding,Other.Inverts,Yes,No,Yes,Yes,No,No,No,807.5,No,No,No
Procellaria aequinoctialis,Procellariiformes,Procellariidae,Procellaria,White-chinned Petrel,Surface.Seizing,Fish,Yes,Yes,Yes,No,No,Yes,Yes,1213,Yes,No,No
Procellaria cinerea,Procellariiformes,Procellariidae,Procellaria,Gray Petrel,Surface.Seizing,Cephalopods,Yes,Yes,Yes,No,No,Yes,Yes,1060,Yes,No,No
Procellaria conspicillata,Procellariiformes,Procellariidae,Procellaria,Spectacled Petrel,Plunging,Fish,Yes,Yes,Yes,No,No,Yes,Yes,1191,Yes,No,No
Procellaria parkinsoni,Procellariiformes,Procellariidae,Procellaria,Parkinson's Petrel,Surface.Seizing,Cephalopods,Yes,Yes,Yes,No,No,Yes,Yes,702.5,Yes,No,No
Procellaria westlandica,Procellariiformes,Procellariidae,Procellaria,Westland Petrel,Surface.Seizing,Cephalopods,Yes,Yes,Yes,No,No,Yes,Yes,1000,Yes,No,No
Pseudobulweria aterrima,Procellariiformes,Procellariidae,Pseudobulweria,Mascarene Petrel,Surface.Seizing,Carrion.NonFishVertebrates,No,No,No,No,Yes,No,Yes,222,Yes,No,No
Pseudobulweria becki,Procellariiformes,Procellariidae,Pseudobulweria,Beck's Petrel,Surface.Seizing,Cephalopods,No,Yes,Yes,Yes,Yes,No,Yes,270.375,No,No,No
Pseudobulweria macgillivrayi,Procellariiformes,Procellariidae,Pseudobulweria,Fiji Petrel,Surface.Seizing,NA,NA,NA,NA,NA,NA,NA,Yes,143,NA,NA,NA
Pseudobulweria rostrata,Procellariiformes,Procellariidae,Pseudobulweria,Tahiti Petrel,Surface.Seizing,Cephalopods,No,Yes,Yes,Yes,Yes,No,Yes,409,No,No,No
Pterodroma alba,Procellariiformes,Procellariidae,Pterodroma,Phoenix Petrel,Surface.Seizing,Cephalopods,Yes,Yes,Yes,No,No,No,Yes,259,No,No,No
Pterodroma arminjoniana,Procellariiformes,Procellariidae,Pterodroma,Trindade Petrel,Surface.Seizing,Cephalopods,Yes,Yes,Yes,Yes,No,No,Yes,394,No,No,No
Pterodroma atrata,Procellariiformes,Procellariidae,Pterodroma,Henderson Petrel,Surface.Seizing,Cephalopods,Yes,Yes,Yes,No,No,No,Yes,300,No,No,No
Pterodroma axillaris,Procellariiformes,Procellariidae,Pterodroma,Chatham Islands Petrel,Surface.Seizing,Cephalopods,Yes,Yes,No,No,No,No,Yes,165,No,No,No
Pterodroma baraui,Procellariiformes,Procellariidae,Pterodroma,Barau's Petrel,Surface.Seizing,Fish,Yes,Yes,Yes,No,No,No,Yes,400,No,No,No
Pterodroma brevipes,Procellariiformes,Procellariidae,Pterodroma,Collared Petrel,Surface.Seizing,Cephalopods,Yes,Yes,No,No,No,No,Yes,136,No,No,No
Pterodroma cahow,Procellariiformes,Procellariidae,Pterodroma,Bermuda Petrel,Surface.Seizing,Cephalopods,Yes,Yes,Yes,No,No,No,Yes,246,No,No,No
Pterodroma caribbaea,Procellariiformes,Procellariidae,Pterodroma,Jamaican Petrel,Surface.Seizing,NA,NA,NA,NA,NA,NA,NA,Yes,NA,NA,NA,NA
Pterodroma cervicalis,Procellariiformes,Procellariidae,Pterodroma,White-necked Petrel,Surface.Seizing,Cephalopods,Yes,Yes,No,No,No,No,Yes,445,No,No,No
Pterodroma cookii,Procellariiformes,Procellariidae,Pterodroma,Cook's Petrel,Surface.Seizing,Cephalopods,Yes,Yes,Yes,No,Yes,No,Yes,178.5,No,No,No
Pterodroma defilippiana,Procellariiformes,Procellariidae,Pterodroma,Masatierra Petrel,Surface.Seizing,Cephalopods,Yes,Yes,No,Yes,No,No,Yes,169,No,No,No
Pterodroma externa,Procellariiformes,Procellariidae,Pterodroma,Juan Fernandez Petrel,Surface.Seizing,Cephalopods,Yes,Yes,No,No,No,No,Yes,428,No,No,No
Pterodroma feae,Procellariiformes,Procellariidae,Pterodroma,Fea's Petrel,Surface.Seizing,Cephalopods,Yes,Yes,No,No,No,No,Yes,311,No,No,No
Pterodroma gouldi,Procellariiformes,Procellariidae,Pterodroma,Gray-faced Petrel,NA,Cephalopods,Yes,Yes,Yes,No,No,Yes,Yes,672.5,Yes,No,No
Pterodroma hasitata,Procellariiformes,Procellariidae,Pterodroma,Black-capped Petrel,Surface.Seizing,Cephalopods,Yes,Yes,No,Yes,No,No,Yes,278,No,No,No
Pterodroma heraldica,Procellariiformes,Procellariidae,Pterodroma,Herald Petrel,Surface.Seizing,Cephalopods,Yes,Yes,Yes,Yes,No,No,Yes,266,No,No,No
Pterodroma hypoleuca,Procellariiformes,Procellariidae,Pterodroma,Bonin Petrel,Surface.Seizing,Fish,Yes,Yes,Yes,Yes,No,No,Yes,176,No,No,No
Pterodroma incerta,Procellariiformes,Procellariidae,Pterodroma,Atlantic Petrel,Surface.Seizing,Cephalopods,Yes,Yes,Yes,No,No,No,Yes,520,No,No,No
Pterodroma inexpectata,Procellariiformes,Procellariidae,Pterodroma,Mottled Petrel,Plunging,Cephalopods,Yes,Yes,Yes,No,No,No,Yes,316,No,No,No
Pterodroma lessonii,Procellariiformes,Procellariidae,Pterodroma,White-headed Petrel,Surface.Seizing,Cephalopods,Yes,Yes,Yes,No,No,No,Yes,695,No,No,No
Pterodroma leucoptera,Procellariiformes,Procellariidae,Pterodroma,Gould's Petrel,Surface.Seizing,Cephalopods,Yes,Yes,No,Yes,No,No,Yes,185,No,No,No
Pterodroma longirostris,Procellariiformes,Procellariidae,Pterodroma,Stejneger's Petrel,Surface.Seizing,Cephalopods,Yes,Yes,No,Yes,No,No,Yes,143,No,No,No
Pterodroma macroptera,Procellariiformes,Procellariidae,Pterodroma,Great-winged Petrel,Surface.Seizing,Cephalopods,Yes,Yes,Yes,No,No,No,Yes,532.5,No,No,No
Pterodroma madeira,Procellariiformes,Procellariidae,Pterodroma,Zino's Petrel,Surface.Seizing,Fish,Yes,Yes,Yes,No,No,No,Yes,227.5,No,No,No
Pterodroma magentae,Procellariiformes,Procellariidae,Pterodroma,Magenta Petrel,Surface.Seizing,Cephalopods,Yes,Yes,Yes,No,No,No,Yes,465,No,No,No
Pterodroma mollis,Procellariiformes,Procellariidae,Pterodroma,Soft-plumaged Petrel,Surface.Seizing,Cephalopods,Yes,Yes,Yes,No,No,No,Yes,312,No,No,No
Pterodroma neglecta,Procellariiformes,Procellariidae,Pterodroma,Kermadec Petrel,Surface.Seizing,Cephalopods,Yes,Yes,Yes,No,No,Yes,Yes,501,Yes,No,No
Pterodroma nigripennis,Procellariiformes,Procellariidae,Pterodroma,Black-winged Petrel,Plunging,Crustaceans,No,Yes,Yes,No,No,No,Yes,163,No,No,No
Pterodroma phaeopygia,Procellariiformes,Procellariidae,Pterodroma,Galapagos Petrel,Surface.Seizing,Cephalopods,Yes,Yes,Yes,No,No,No,Yes,389,No,No,No
Pterodroma pycrofti,Procellariiformes,Procellariidae,Pterodroma,Pycroft's Petrel,Surface.Seizing,NA,No,Yes,No,No,No,No,Yes,159,No,No,No
Pterodroma sandwichensis,Procellariiformes,Procellariidae,Pterodroma,Hawaiian Petrel,Surface.Seizing,Cephalopods,Yes,Yes,Yes,No,No,No,Yes,434,No,No,No
Pterodroma solandri,Procellariiformes,Procellariidae,Pterodroma,Providence Petrel,Surface.Seizing,Cephalopods,Yes,Yes,Yes,No,No,Yes,Yes,471,Yes,No,No
Pterodroma ultima,Procellariiformes,Procellariidae,Pterodroma,Murphy's Petrel,Surface.Seizing,Cephalopods,Yes,Yes,Yes,Yes,No,Yes,Yes,360,Yes,No,No
Ptychoramphus aleuticus,Charadriiformes,Alcidae,Ptychoramphus,Cassin's Auklet,Diving,Crustaceans,Yes,No,Yes,Yes,No,No,Yes,184,No,No,No
Puffinus assimilis,Procellariiformes,Procellariidae,Puffinus,Little Shearwater,Plunging,Fish,Yes,Yes,Yes,No,No,No,Yes,226,No,No,No
Puffinus auricularis,Procellariiformes,Procellariidae,Puffinus,Townsend's Shearwater,Plunging,Fish,Yes,Yes,Yes,No,No,No,Yes,324,No,No,No
Puffinus bailloni,Procellariiformes,Procellariidae,Puffinus,Tropical Shearwater,Plunging,Fish,Yes,Yes,Yes,No,No,Yes,Yes,201.5,Yes,No,No
Puffinus bannermani,Procellariiformes,Procellariidae,Puffinus,Bannerman's Shearwater,Plunging,Fish,Yes,Yes,Yes,No,No,NA,Yes,NA,NA,NA,NA
Puffinus bryani,Procellariiformes,Procellariidae,Puffinus,Bryan's Shearwater,Unknown,NA,NA,NA,NA,NA,NA,NA,Yes,NA,NA,NA,NA
Puffinus elegans,Procellariiformes,Procellariidae,Puffinus,Subantarctic Shearwater,Plunging,Cephalopods,Yes,Yes,Yes,No,No,No,Yes,234.25,No,No,No
Puffinus gavia,Procellariiformes,Procellariidae,Puffinus,Fluttering Shearwater,Plunging,Fish,Yes,No,Yes,No,No,No,Yes,229,No,No,No
Puffinus heinrothi,Procellariiformes,Procellariidae,Puffinus,Heinroth's Shearwater,Plunging,NA,NA,NA,NA,NA,NA,No,Yes,NA,No,No,No
Puffinus huttoni,Procellariiformes,Procellariidae,Puffinus,Hutton's Shearwater,Plunging,Fish,Yes,No,Yes,No,No,No,Yes,310,No,No,No
Puffinus lherminieri,Procellariiformes,Procellariidae,Puffinus,Sargasso Shearwater,Plunging,Fish,Yes,Yes,Yes,No,No,No,Yes,200,No,No,No
Puffinus mauretanicus,Procellariiformes,Procellariidae,Puffinus,Balearic Shearwater,Plunging,Fish,Yes,Yes,Yes,No,Yes,Yes,Yes,518.5,Yes,No,No
Puffinus myrtae,Procellariiformes,Procellariidae,Puffinus,Rapa Shearwater,Unknown,NA,NA,NA,NA,NA,NA,NA,Yes,192,NA,NA,NA
Puffinus nativitatis,Procellariiformes,Procellariidae,Puffinus,Christmas Shearwater,Plunging,Cephalopods,Yes,Yes,No,No,Yes,No,Yes,356,No,No,No
Puffinus newelli,Procellariiformes,Procellariidae,Puffinus,Newell's Shearwater,Plunging,Cephalopods,Yes,Yes,No,No,No,No,Yes,381,No,No,No
Puffinus opisthomelas,Procellariiformes,Procellariidae,Puffinus,Black-vented Shearwater,Plunging,Fish,Yes,Yes,No,No,No,No,Yes,408,No,No,No
Puffinus persicus,Procellariiformes,Procellariidae,Puffinus,Persian Shearwater,Plunging,Fish,Yes,Yes,Yes,No,No,Yes,Yes,175,Yes,No,No
Puffinus puffinus,Procellariiformes,Procellariidae,Puffinus,Manx Shearwater,Plunging,Fish,Yes,Yes,Yes,No,No,No,Yes,453.5,No,No,No
Puffinus subalaris,Procellariiformes,Procellariidae,Puffinus,Galapagos Shearwater,Plunging,Fish,Yes,Yes,Yes,No,No,Yes,Yes,176.5,Yes,No,No
Puffinus yelkouan,Procellariiformes,Procellariidae,Puffinus,Yelkouan Shearwater,Plunging,Fish,Yes,Yes,Yes,No,No,Yes,Yes,382.5,Yes,No,No
Pygoscelis adeliae,Sphenisciformes,Spheniscidae,Pygoscelis,Adelie Penguin,Diving,Crustaceans,Yes,Yes,Yes,No,No,No,Yes,4850,No,No,No
Pygoscelis antarcticus,Sphenisciformes,Spheniscidae,Pygoscelis,Chinstrap Penguin,Diving,Crustaceans,Yes,No,Yes,No,No,No,Yes,4155.5,No,No,No
Pygoscelis papua,Sphenisciformes,Spheniscidae,Pygoscelis,Gentoo Penguin,Diving,Crustaceans,Yes,Yes,Yes,Yes,No,No,Yes,5950,No,No,No
Rhodostethia rosea,Charadriiformes,Laridae,Rhodostethia,Ross's Gull,Surface.Seizing,Crustaceans,Yes,No,Yes,Yes,Yes,No,No,187,No,No,No
Rissa brevirostris,Charadriiformes,Laridae,Rissa,Red-legged Kittiwake,Plunging,Fish,Yes,Yes,Yes,No,No,No,Yes,377,No,No,No
Rissa tridactyla,Charadriiformes,Laridae,Rissa,Black-legged Kittiwake,Surface.Seizing,Fish,Yes,Yes,Yes,Yes,Yes,Yes,Yes,416.3,Yes,No,No
Rynchops albicollis,Charadriiformes,Laridae,Rynchops,Indian Skimmer,Skimming,Fish,Yes,Yes,Yes,Yes,No,No,No,232.5,No,No,No
Rynchops flavirostris,Charadriiformes,Laridae,Rynchops,African Skimmer,Skimming,Fish,Yes,Yes,Yes,Yes,No,No,No,164,No,No,No
Rynchops niger,Charadriiformes,Laridae,Rynchops,Black Skimmer,Skimming,Fish,Yes,No,Yes,No,No,No,No,301.5,No,No,No
Saundersilarus saundersi,Charadriiformes,Laridae,Saundersilarus,Saunders's Gull,Surface.Seizing,Crustaceans,Yes,No,Yes,Yes,No,No,No,198,No,No,No
Somateria fischeri,Anseriformes,Anatidae,Somateria,Spectacled Eider,Bottom.Feeding,Other.Inverts,Yes,No,Yes,Yes,No,No,No,1558.5,No,No,No
Somateria mollissima,Anseriformes,Anatidae,Somateria,Common Eider,Bottom.Feeding,Other.Inverts,Yes,No,Yes,Yes,No,No,No,2066.5,No,No,No
Somateria spectabilis,Anseriformes,Anatidae,Somateria,King Eider,Bottom.Feeding,Other.Inverts,No,No,Yes,Yes,Yes,No,No,1617.5,No,No,No
Spheniscus demersus,Sphenisciformes,Spheniscidae,Spheniscus,African Penguin,Diving,Fish,Yes,Yes,No,No,No,No,Yes,3135,No,No,No
Spheniscus humboldti,Sphenisciformes,Spheniscidae,Spheniscus,Humboldt Penguin,Diving,Fish,Yes,Yes,Yes,Yes,Yes,No,Yes,4379,No,No,No
Spheniscus magellanicus,Sphenisciformes,Spheniscidae,Spheniscus,Magellanic Penguin,Diving,Fish,Yes,Yes,Yes,No,No,No,Yes,4120,No,No,No
Spheniscus mendiculus,Sphenisciformes,Spheniscidae,Spheniscus,Galapagos Penguin,Diving,Fish,Yes,Yes,Yes,No,No,No,Yes,1932.5,No,No,No
Phalaropus tricolor,Charadriiformes,Scolopacidae,Phalaropus,Wilson's Phalarope,Surface.Seizing,Other.Inverts,No,No,Yes,Yes,No,No,No,NA,No,No,No
Stercorarius longicaudus,Charadriiformes,Stercorariidae,Stercorarius,Long-tailed Jaeger,Surface.Seizing,Carrion.NonFishVertebrates,Yes,Yes,Yes,Yes,Yes,Yes,No,288.5,Yes,No,No
Stercorarius parasiticus,Charadriiformes,Stercorariidae,Stercorarius,Parasitic Jaeger,Aerial.Pursuit,Carrion.NonFishVertebrates,Yes,Yes,Yes,Yes,Yes,No,No,445.5,No,No,No
Stercorarius pomarinus,Charadriiformes,Stercorariidae,Stercorarius,Pomarine Jaeger,Aerial.Pursuit,Fish,Yes,No,No,No,Yes,No,Yes,694,No,No,No
Sterna acuticauda,Charadriiformes,Laridae,Sterna,Black-bellied Tern,Plunging,Other.Inverts,Yes,No,No,Yes,No,No,No,NA,No,No,No
Sterna aurantia,Charadriiformes,Laridae,Sterna,River Tern,Plunging,Fish,Yes,No,Yes,Yes,No,No,No,NA,No,No,No
Sterna dougallii,Charadriiformes,Laridae,Sterna,Roseate Tern,Plunging,Fish,Yes,No,Yes,Yes,No,No,Yes,108.75,No,No,No
Sterna forsteri,Charadriiformes,Laridae,Sterna,Forster's Tern,Plunging,Fish,Yes,No,Yes,Yes,No,No,No,149,No,No,No
Sterna hirundinacea,Charadriiformes,Laridae,Sterna,South American Tern,Plunging,Fish,Yes,No,Yes,Yes,No,No,Yes,180,No,No,No
Sterna hirundo,Charadriiformes,Laridae,Sterna,Common Tern,Plunging,Fish,Yes,No,No,Yes,No,Yes,No,120,Yes,No,No
Sterna paradisaea,Charadriiformes,Laridae,Sterna,Arctic Tern,Plunging,Fish,Yes,No,Yes,Yes,No,Yes,No,110,Yes,No,No
Sterna repressa,Charadriiformes,Laridae,Sterna,White-cheeked Tern,Surface.Seizing,Fish,Yes,No,Yes,Yes,No,No,Yes,90,No,No,No
Sterna striata,Charadriiformes,Laridae,Sterna,White-fronted Tern,Plunging,Fish,Yes,No,Yes,No,No,No,Yes,129,No,No,No
Sterna sumatrana,Charadriiformes,Laridae,Sterna,Black-naped Tern,Plunging,Fish,Yes,No,No,No,No,No,Yes,106,No,No,No
Sterna trudeaui,Charadriiformes,Laridae,Sterna,Snowy-crowned Tern,Plunging,Fish,Yes,No,No,Yes,No,No,No,153,No,No,No
Sterna virgata,Charadriiformes,Laridae,Sterna,Kerguelen Tern,Surface.Seizing,Fish,Yes,No,Yes,Yes,No,No,Yes,126,No,No,No
Sterna vittata,Charadriiformes,Laridae,Sterna,Antarctic Tern,Plunging,Fish,Yes,No,Yes,Yes,No,Yes,Yes,139,Yes,No,No
Sternula albifrons,Charadriiformes,Laridae,Sternula,Little Tern,Plunging,Fish,Yes,No,Yes,Yes,No,No,No,48.5,No,No,No
Sternula antillarum,Charadriiformes,Laridae,Sternula,Least Tern,Plunging,Fish,Yes,No,Yes,Yes,No,No,No,45.925,No,No,No
Sternula balaenarum,Charadriiformes,Laridae,Sternula,Damara Tern,Plunging,Fish,Yes,Yes,No,No,No,No,Yes,60,No,No,No
Sternula lorata,Charadriiformes,Laridae,Sternula,Peruvian Tern,Plunging,Fish,Yes,No,Yes,No,No,No,Yes,53.8,No,No,No
Sternula nereis,Charadriiformes,Laridae,Sternula,Australian Fairy Tern,Plunging,Fish,Yes,No,Yes,Yes,No,No,Yes,38.2,No,No,No
Sternula saundersi,Charadriiformes,Laridae,Sternula,Saunders's Tern,Plunging,Fish,Yes,No,Yes,Yes,No,No,No,42.3,No,No,No
Sternula superciliaris,Charadriiformes,Laridae,Sternula,Yellow-billed Tern,Plunging,Fish,Yes,No,Yes,Yes,No,No,No,46.4,No,No,No
Sula dactylatra,Suliformes,Sulidae,Sula,Masked Booby,Plunging,Fish,Yes,No,No,No,No,No,Yes,1713,No,No,No
Sula granti,Suliformes,Sulidae,Sula,Nazca Booby,Plunging,Fish,Yes,Yes,No,No,No,No,Yes,1754,No,No,No
Sula leucogaster,Suliformes,Sulidae,Sula,Brown Booby,Plunging,Fish,Yes,Yes,No,No,No,No,Yes,1219,No,No,No
Sula nebouxii,Suliformes,Sulidae,Sula,Blue-footed Booby,Plunging,Fish,Yes,No,No,No,No,No,Yes,1542,No,No,No
Sula sula,Suliformes,Sulidae,Sula,Red-footed Booby,Plunging,Fish,Yes,Yes,No,No,No,No,Yes,857,No,No,No
Sula variegata,Suliformes,Sulidae,Sula,Peruvian Booby,Plunging,Fish,Yes,No,No,No,No,No,Yes,1435,No,No,No
Synthliboramphus antiquus,Charadriiformes,Alcidae,Synthliboramphus,Ancient Murrelet,Diving,Crustaceans,Yes,No,Yes,No,No,No,Yes,207,No,No,No
Synthliboramphus craveri,Charadriiformes,Alcidae,Synthliboramphus,Craveri's Murrelet,Diving,Fish,Yes,Yes,Yes,No,No,No,Yes,151,No,No,No
Synthliboramphus hypoleucus,Charadriiformes,Alcidae,Synthliboramphus,Guadalupe Murrelet,Diving,Fish,Yes,No,No,No,No,No,Yes,167,No,No,No
Synthliboramphus scrippsi,Charadriiformes,Alcidae,Synthliboramphus,Scripps's Murrelet,Diving,Fish,Yes,No,Yes,No,No,No,Yes,375,No,No,No
Synthliboramphus wumizusume,Charadriiformes,Alcidae,Synthliboramphus,Japanese Murrelet,Diving,Crustaceans,Yes,No,Yes,No,No,No,Yes,198,No,No,No
Thalassarche bulleri,Procellariiformes,Diomedeidae,Thalassarche,Buller's Albatross,Surface.Seizing,Cephalopods,Yes,Yes,Yes,Yes,No,No,Yes,2713.75,No,No,No
Thalassarche carteri,Procellariiformes,Diomedeidae,Thalassarche,Indian Yellow-nosed Albatross,Surface.Seizing,Cephalopods,Yes,Yes,Yes,No,No,Yes,Yes,2710,Yes,No,No
Thalassarche cauta,Procellariiformes,Diomedeidae,Thalassarche,White-capped Albatross,Surface.Seizing,Cephalopods,Yes,Yes,Yes,Yes,No,Yes,Yes,3911.25,Yes,No,No
Thalassarche chlororhynchos,Procellariiformes,Diomedeidae,Thalassarche,Atlantic Yellow-nosed Albatross,Surface.Seizing,Cephalopods,Yes,Yes,Yes,No,No,Yes,Yes,2130,Yes,No,No
Thalassarche chrysostoma,Procellariiformes,Diomedeidae,Thalassarche,Gray-headed Albatross,Surface.Seizing,Cephalopods,Yes,Yes,Yes,No,No,Yes,Yes,3507.5,Yes,No,No
Thalassarche eremita,Procellariiformes,Diomedeidae,Thalassarche,Chatham Albatross,Surface.Seizing,Cephalopods,Yes,Yes,Yes,Yes,No,Yes,Yes,3825,Yes,No,No
Thalassarche melanophris,Procellariiformes,Diomedeidae,Thalassarche,Black-browed Albatross,Surface.Seizing,Crustaceans,Yes,Yes,Yes,Yes,Yes,Yes,Yes,3232,Yes,No,No
Thalassarche salvini,Procellariiformes,Diomedeidae,Thalassarche,Salvin's Albatross,Surface.Seizing,Cephalopods,Yes,Yes,No,No,No,No,Yes,3795,No,No,No
Thalasseus bengalensis,Charadriiformes,Laridae,Thalasseus,Lesser Crested Tern,Plunging,Fish,Yes,No,Yes,No,No,No,Yes,209,No,No,No
Thalasseus bergii,Charadriiformes,Laridae,Thalasseus,Great Crested Tern,Plunging,Fish,Yes,Yes,Yes,Yes,Yes,Yes,Yes,328,Yes,No,No
Thalasseus bernsteini,Charadriiformes,Laridae,Thalasseus,Chinese Crested Tern,Plunging,Fish,Yes,No,No,No,No,No,No,284,No,No,No
Thalasseus elegans,Charadriiformes,Laridae,Thalasseus,Elegant Tern,Plunging,Fish,Yes,No,Yes,No,No,No,Yes,260,No,No,No
Thalasseus maximus,Charadriiformes,Laridae,Thalasseus,Royal Tern,Plunging,Fish,Yes,Yes,Yes,No,No,Yes,Yes,409.25,Yes,No,No
Thalasseus sandvicensis,Charadriiformes,Laridae,Thalasseus,Sandwich Tern,Plunging,Fish,Yes,No,Yes,Yes,Yes,Yes,Yes,250.5,Yes,No,No
Thalassoica antarctica,Procellariiformes,Procellariidae,Thalassoica,Antarctic Petrel,Surface.Seizing,Crustaceans,Yes,Yes,Yes,Yes,No,Yes,Yes,708.5,Yes,No,No
Uria aalge,Charadriiformes,Alcidae,Uria,Common Murre,Diving,Fish,Yes,No,Yes,No,No,No,Yes,992.5,No,No,No
Uria lomvia,Charadriiformes,Alcidae,Uria,Thick-billed Murre,Diving,Fish,Yes,Yes,Yes,Yes,No,No,Yes,964,No,No,No
Urile pelagicus,Suliformes,Phalacrocoracidae,Urile,Pelagic Cormorant,Diving,Fish,Yes,No,Yes,No,No,No,Yes,1856.5,No,No,No
Urile penicillatus,Suliformes,Phalacrocoracidae,Urile,Brandt's Cormorant,Diving,Fish,Yes,Yes,No,No,No,No,Yes,2247.5,No,No,No
Urile urile,Suliformes,Phalacrocoracidae,Urile,Red-faced Cormorant,Diving,Fish,Yes,No,Yes,No,No,No,Yes,2137.5,No,No,No
Xema sabini,Charadriiformes,Laridae,Xema,Sabine's Gull,Surface.Seizing,Fish,Yes,No,Yes,Yes,Yes,Yes,Yes,198,Yes,No,No
Larus brachyrhynchus,Charadriiformes,Laridae,Larus,Short-billed Gull,Surface.Seizing,Invertebrates,Yes,No,Yes,Yes,Yes,Yes,No,409,No,Yes,No
Larus mongolicus,Charadriiformes,Laridae,Larus,Mongolian Gull,NA,NA,Yes,No,Yes,Yes,Yes,No,No,1580,No,No,No
Larus vegae,Charadriiformes,Laridae,Larus,Vega Gull,Surface.Seizing,Fish,Yes,No,Yes,Yes,Yes,Yes,No,1158,Yes,Yes,No
Thalasseus albididorsalis,Charadriiformes,Laridae,Thalasseus,West African Crested Tern,Plunging,Fish,Yes,No,Yes,No,No,No,No,367,No,No,No
Pterodroma occulta,Procellariiformes,Procellariidae,Pterodroma,Vanuatu Petrel,Surface.Seizing,Cephalopods,Yes,Yes,No,No,No,No,Yes,350,No,No,No
Puffinus baroli,Procellariiformes,Procellariidae,Puffinus,Barolo Shearwater,Plunging,Unknown,Yes,Yes,Yes,No,No,No,Yes,211,No,No,No
Puffinus boydi,Procellariiformes,Procellariidae,Puffinus,Boyd's Shearwater,Plunging,Unknown,Yes,Yes,Yes,No,No,No,Yes,NA,No,No,No
Sula brewsteri,Suliformes,Sulidae,Sula,Cocos Booby,Plunging,Fish,Yes,No,No,No,No,No,Yes,1450,No,No,No
Leucocarbo georgianus,Suliformes,Phalacrocoracidae,Leucocarbo,South Georgia Shag,Diving,Fish,Yes,No,No,Yes,No,No,No,2883,No,No,No
Leucocarbo bransfieldensis,Suliformes,Phalacrocoracidae,Leucocarbo,Antarctic Shag,Diving,Fish,Yes,Yes,Yes,Yes,No,No,No,3022,No,No,No
Leucocarbo melanogenis,Suliformes,Phalacrocoracidae,Leucocarbo,Crozet Shag,Diving,Fish,Yes,Yes,Yes,Yes,No,No,No,2700,No,No,No
Leucocarbo nivalis,Suliformes,Phalacrocoracidae,Leucocarbo,Heard Island Shag,Diving,Invertebrates,Yes,Yes,No,Yes,No,No,No,3300,No,No,No
Leucocarbo purpurascens,Suliformes,Phalacrocoracidae,Leucocarbo,Macquarie Shag,Diving,Fish,Yes,No,Yes,Yes,No,No,No,3500,No,No,No